NtsbNo,EventType,Mkey,EventDate,City,State,Country,ReportNo,N#,SerialNumber,HasSafetyRec,Mode,TopicMode,ReportType,OriginalPublishedDate,DocketOriginalPublishedDate,HighestInjuryLevel,FatalInjuryCount,SeriousInjuryCount,MinorInjuryCount,OnboardInjuryCount,OnGroundInjuryCount,ProbableCause,Findings,EventID,Latitude,Longitude,Make,Model,AirCraftCategory,AirportID,AirportName,AmateurBuilt,NumberOfEngines,EngineType,Scheduled,PurposeOfFlight,FAR,AirCraftDamage,WeatherCondition,Operator,BroadPhaseofFlight,ReportStatus,RepGenFlag,MostRecentReportType,DocketUrl,ReportUrl,first_bad_date,second_bad_date
DCA26LA106,Accident,202360,2026-01-28,Hebron,KY,USA,NA,N5827K,1081,False,Aviation,Aviation,Approved by Office Director,NA,NA,None,0,0,0,0,0,NA,NA,Accident,39.0465,-84.67031,AIRBUS,A330-343,Airplane,CVG,CINCINNATI/NORTHERN KENTUCKY INTL,False,2,NA,False,NA,121,Substantial,Visual (VMC),Alaska Airlines,InitialClimb,Ongoing,False,Approved by Office Director,NA,NA,1/28/2026,28-1-2026
ERA26LA107,Accident,202408,2026-02-06,Danville,KY,USA,NA,N476JC,560-6095,False,Aviation,Aviation,Approved by Office Director,NA,NA,None,0,0,0,0,0,NA,NA,Accident,37.580159,-84.775655,CESSNA,560,Airplane,DVK,Stuart Powell Field Airport,False,2,NA,False,Personal,091,Substantial,Visual (VMC); Visual (VMC),On File,Takeoff,Ongoing,False,Approved by Office Director,NA,NA,2/6/2026,6-2-2026
ERA26LA181,Accident,202858,2026-04-16,Lexington,KY,USA,NA,N993CW,372,False,Aviation,Aviation,Approved by Office Director,2026-06-25,NA,None,0,0,0,0,0,"The flight instructor’s improper in-flight fuel management, which resulted in fuel starvation, a total loss of engine power, and a forced landing to rough terrain.",Aircraft - Aircraft systems - Fuel system - Incorrect use/operation; Personnel issues - Action/decision - Action - Instructor/check pilot; Aircraft - Fluids/misc hardware - Fluids - Fluid management,Accident,38.04302,-84.59055,AEROPRAKT MFG SP Z O O,A32,Airplane,LEX,Blue Grass Airport,False,1,Reciprocating,False,Instructional,091,Substantial,Visual (VMC),Wings Flight Training,EmergencyDescent; Maneuvering,Completed,False,Approved by Office Director,NA,NA,4/16/2026,16-4-2026
WPR26FA223,Accident,203202,2026-06-20,Nicholasville,KY,USA,NA,N82BT,97153,False,Aviation,Aviation,Approved by Office Director,NA,NA,Fatal,0,0,0,2,0,NA,NA,Accident,37.909271,-84.607166,COMP AIR,CA6-WB,Airplane,NA,NA,True,1,NA,False,Personal,091,Destroyed,Visual (VMC),On File,Enroute; Enroute,Ongoing,False,Approved by Office Director,NA,NA,6/20/2026,20-6-2026
ERA26LA254,Accident,203284,2026-06-30,Cynthiana,KY,USA,NA,N1406,NA,False,Aviation,Aviation,Approved by Office Director,NA,NA,None,0,0,0,0,0,NA,NA,Accident,NA,NA,RATH MICHAEL J,SONERAI 2,NA,NA,NA,False,NA,NA,False,Flight test,091,NA,Visual (VMC),RATH MICHAEL J,Landing; InitialClimb; Landing,Ongoing,False,Approved by Office Director,NA,NA,6/30/2026,30-6-2026
ERA26LA259,Accident,203316,2026-07-06,Hickman,KY,USA,NA,N9103E,7099C,False,Aviation,Aviation,Approved by Office Director,NA,NA,Serious,0,0,0,1,0,NA,NA,Accident,36.550059,-89.245879,MAULE,M-5-235C,Airplane,NA,NA,False,1,NA,False,Personal,091,Substantial,NA,On File,Landing; Landing,Ongoing,False,Approved by Office Director,NA,NA,7/6/2026,6-7-2026
ERA25LA240,Accident,200390,2025-06-25,Hawesville,KY,USA,NA,N144WK,10639,False,Aviation,Aviation,Approved by Office Director,2025-11-20,NA,Serious,0,1,0,1,0,The pilot’s failure to maintain clearance from power lines during low-level agricultural spray operations.,Personnel issues - Psychological - Attention/monitoring - Pilot; Environmental issues - Physical environment - Object/animal/substance - Response/compensation,Accident,37.764207,-86.776505,ROBINSON HELICOPTER COMPANY,R44 II,Helicopter,OWB,OWENSBORO/DAVIESS COUNTY RGNL,False,1,Reciprocating,False,Aerial application,137,Substantial,Visual (VMC); Visual (VMC),WESTERN KENTUCKY LEASING LLC,Maneuvering,Completed,False,Approved by Office Director,NA,NA,6/25/2025,25-6-2025
ERA25LA255,Accident,200456,2025-07-02,Madisonville,KY,USA,NA,N21385,0356,False,Aviation,Aviation,Approved by Office Director,2025-11-14,NA,Minor,0,0,1,1,0,"The pilot’s failure to take the appropriate corrective action for ground resonance, which resulted in a loss of helicopter control.",Personnel issues - Task performance - Use of equip/info - Student/instructed pilot; Aircraft - Aircraft oper/perf/capability - Performance/control parameters - Not attained/maintained,Accident,37.353636,-87.395701,SCHWEIZER,269C,Helicopter,2I0,Madisonville regional Airport,False,1,Reciprocating,False,Instructional,091,Substantial,Visual (VMC),Madisonville Community College,Landing,Completed,False,Approved by Office Director,NA,NA,7/2/2025,2-7-2025
ERA25LA257,Accident,200458,2025-07-04,Greenville,KY,USA,NA,N11TY,001 TY,False,Aviation,Aviation,Approved by Office Director,2025-11-14,NA,None,0,0,0,0,0,The pilot’s loss of control during takeoff.,Aircraft - Aircraft oper/perf/capability - Performance/control parameters - Not attained/maintained; Personnel issues - Task performance - Use of equip/info - Pilot,Accident,37.228983,-87.151916,YATES TOM W,Kitfox III,Airplane,M21,MUHLENBERG COUNTY,True,1,Reciprocating,False,Personal,091,Substantial,Visual (VMC),On File,Takeoff; Landing; Takeoff,Completed,False,Approved by Office Director,NA,NA,7/4/2025,4-7-2025
ERA25LA271,Accident,200567,2025-07-18,Bowling Green,KY,USA,NA,N288EE,140972,False,Aviation,Aviation,Approved by Office Director,2025-11-20,NA,None,0,0,0,0,0,"The pilot’s failure to attain an appropriate touchdown point during landing, which resulted in a runway overrun and collision with a fence.",Aircraft - Aircraft oper/perf/capability - Performance/control parameters - Not attained/maintained; Personnel issues - Action/decision - Info processing/decision - Pilot,Accident,36.958285,-86.413405,ROHRER DOUGLAS D,VANS RV-14A,Airplane,BWG,BOWLING GREEN-WARREN COUNTY RGNL,True,1,Reciprocating,False,Personal,091,Substantial,Visual (VMC),On File,Landing; Landing; Landing,Completed,False,Approved by Office Director,NA,NA,7/18/2025,18-7-2025
ERA25LA274,Accident,200592,2025-07-21,Versailles,KY,USA,NA,N8670Z,P206-0470,False,Aviation,Aviation,Approved by Office Director,2025-11-20,NA,None,0,0,0,0,0,"The pilot’s mismanagement of the airplane’s available fuel supply, which resulted in fuel starvation and a subsequent total loss of engine power.",Aircraft - Fluids/misc hardware - Fluids - Fluid management; Personnel issues - Task performance - Use of equip/info - Pilot,Accident,38.045781,-84.717274,CESSNA,TP206C,Airplane,NA,NA,False,1,Reciprocating,False,Personal,091,Substantial,Instrument (IMC); Instrument (IMC),On File,EmergencyDescent; Enroute,Completed,False,Approved by Office Director,NA,NA,7/21/2025,21-7-2025
DCA25LA272,Accident,200627,2025-07-17,Germantown,KY,USA,NA,N330PQ; N330PQ,15330; 15330,False,Aviation,Aviation,Approved by Office Director,2025-10-23,NA,Serious,0,0,0,1,0,An inadvertent encounter with severe turbulence during descent.,Personnel issues - Experience/knowledge - Knowledge - Cabin crew; Personnel issues - Experience/knowledge - Knowledge - Flight crew; Environmental issues - Conditions/weather/phenomena - Turbulence - Effect on personnel; Personnel issues - Experience/knowledge - Knowledge - Passenger,Accident,38.672,-83.991,BOMBARDIER INC; BOMBARDIER INC,CL-600-2D24; CL-600-2D24,Airplane; Airplane,NA,NA,False,2,Turbo fan; Turbo fan,True,NA,121; 121,None; None,Instrument (IMC); Instrument (IMC),Endeavor Air; Endeavor Air,Enroute,Completed,False,Approved by Office Director,NA,NA,7/17/2025,17-7-2025
ERA25LA277,Accident,200641,2025-07-24,Hardinsburg,KY,USA,NA,N50LM,765,False,Aviation,Aviation,Approved by Office Director,NA,NA,Minor,0,0,0,2,0,NA,NA,Accident,37.786015,-86.452395,MANGELS LEIGHTON,LANCAIR360,Airplane,I93,Breckinridge County Airport,True,1,NA,False,Personal,091,Substantial,Visual (VMC),On File,Approach,Ongoing,False,Approved by Office Director,NA,NA,7/24/2025,24-7-2025
ERA25LA299,Accident,200785,2025-08-13,Fordsville,KY,USA,NA,N9400U,15078348,False,Aviation,Aviation,Approved by Office Director,2026-07-15,NA,None,0,0,0,0,0,"The pilot’s improper fuel planning, which resulted in fuel exhaustion and a subsequent forced landing.",Personnel issues - Task performance - Planning/preparation - Pilot; Aircraft - Fluids/misc hardware - Fluids - Fluid level,Accident,37.643246,-86.677927,CESSNA,150,Airplane,NA,NA,False,1,Reciprocating,False,Personal,091,Substantial,Visual (VMC),On File,Landing; Enroute,Completed,False,Approved by Office Director,NA,NA,8/13/2025,13-8-2025
ERA25LA353,Accident,201043,2025-09-18,Mayfield,KY,USA,NA,N577RT,525C0133,False,Aviation,Aviation,Approved by Office Director,NA,NA,None,0,0,0,0,0,NA,NA,Accident,36.760866,-88.585764,CESSNA,525C,Airplane,M25,MAYFIELD GRAVES COUNTY,False,2,NA,False,Positioning,091,Substantial,Visual (VMC); Visual (VMC),STONECREST CAPITAL LLC,Landing,Ongoing,False,Approved by Office Director,NA,NA,9/18/2025,18-9-2025
ERA25LA359,Accident,201059,2025-09-20,Hopkinsville,KY,USA,NA,N4779M,C00525,False,Aviation,Aviation,Approved by Office Director,2026-04-30,NA,None,0,0,0,0,0,"The pilot’s failure to maintain control of the gyroplane, which resulted in dynamic rollover and impact with terrain.",Personnel issues - Task performance - Use of equip/info - Pilot; Aircraft - Aircraft oper/perf/capability - Performance/control parameters - Not attained/maintained,Accident,36.858024,-87.449983,EDWIN MILLER,CALIDUS,Gyroplane,HVC,HOPKINSVILLE-CHRISTIAN COUNTY,True,1,Reciprocating,False,Personal,091,Substantial,Visual (VMC),On File,Takeoff; Takeoff; Takeoff,Completed,False,Approved by Office Director,NA,NA,9/20/2025,20-9-2025
ERA26LA004,Accident,201808,2025-10-06,Mount Washington,KY,USA,NA,C-FAZJ,RA1933,False,Aviation,Aviation,Approved by Office Director,NA,NA,None,0,0,0,0,0,NA,NA,Accident,38.048554,-85.54826,PITTS,S1C,Airplane,NA,NA,False,1,NA,False,Ferry,091,Substantial,Visual (VMC),On File,Enroute; EmergencyDescent,Ongoing,False,Approved by Office Director,NA,NA,10/6/2025,6-10-2025
ERA26LA018,Accident,201875,2025-10-16,Cynthiana,KY,USA,NA,N159RJ,17702038,False,Aviation,Aviation,Approved by Office Director,2026-04-30,NA,Serious,0,1,1,2,0,"The pilot's inadequate fuel planning and preflight inspection, which resulted in a total loss of engine power due to fuel exhaustion and a forced landing. Contributing to the accident was the impact with powerlines during final approach.",Personnel issues - Task performance - Use of equip/info - Pilot; Personnel issues - Action/decision - Info processing/decision - Pilot; Personnel issues - Task performance - Planning/preparation - Pilot; Aircraft - Fluids/misc hardware - Fluids - Fluid management; Aircraft - Fluids/misc hardware - Fluids - Fluid level,Accident,38.378828,-84.261485,CESSNA,177,Airplane,NA,NA,False,1,Reciprocating,False,Personal,091,Substantial,Visual (VMC),On File,Landing; Enroute,Completed,False,Approved by Office Director,NA,NA,10/16/2025,16-10-2025
DCA26MA024,Accident,201958,2025-11-04,Louisville,KY,USA,NA,N259UP,48417,False,Aviation,Aviation,Approved by Office Director,NA,NA,Fatal,14,2,21,3,34,NA,NA,Accident,38.14718,-85.734333,MCDONNELL DOUGLAS,MD-11F,Airplane,SDF,LOUISVILLE MUHAMMAD ALI INTL,False,3,NA,False,NA,121,Destroyed,Visual (VMC),UNITED PARCEL SERVICE CO,Takeoff; Takeoff,Ongoing,False,Approved by Office Director,NA,NA,11/4/2025,4-11-2025
ERA26LA042,Accident,202012,2025-11-14,Bowling Green,KY,USA,NA,N897PR,96,False,Aviation,Aviation,Approved by Office Director,2026-05-07,NA,None,0,0,0,0,0,"The pilot's loss of directional control while landing in a strong quartering headwind, which resulted in a runway excursion and collision with an airport sign.",Environmental issues - Conditions/weather/phenomena - Wind - Response/compensation; Aircraft - Aircraft oper/perf/capability - Performance/control parameters - Not attained/maintained; Personnel issues - Task performance - Use of equip/info - Pilot,Accident,36.964528,-86.419667,ARION AIRCRAFT LLC,LIGHTNING LS-1,Airplane,BWG,BOWLING GREEN-WARREN COUNTY RGNL,False,1,Reciprocating,False,Personal,091,Substantial,Visual (VMC),On File,Landing; Landing; Landing,Completed,False,Approved by Office Director,NA,NA,11/14/2025,14-11-2025
ERA25FA005,Accident,195271,2024-10-07,Owenton,KY,USA,NA,N230AE,51331,False,Aviation,Aviation,Approved by Office Director,NA,NA,Fatal,3,0,0,3,0,NA,NA,Accident,38.5241,-84.81245,BELL,206L-3,Helicopter,pvt,NA,False,1,NA,False,Business,135,Destroyed,Visual (VMC); Visual (VMC),On File,Maneuvering,Ongoing,False,Approved by Office Director,NA,NA,10/7/2024,7-10-2024
ERA25LA012,Accident,195309,2024-10-11,Louisville,KY,USA,NA,N5006W,28-7,False,Aviation,Aviation,Approved by Office Director,NA,NA,Serious,0,1,3,2,2,NA,NA,Accident,38.237491,-85.642947,PIPER,PA-28,Airplane,LOU,BOWMAN FLD,False,1,NA,False,Instructional,091,Substantial,Visual (VMC),Louisville Flying Club,Enroute,Ongoing,False,Approved by Office Director,NA,NA,10/11/2024,11-10-2024
ERA25LA023,Accident,195381,2024-10-27,Nicholasville,KY,USA,NA,N75331,3821,False,Aviation,Aviation,Approved by Office Director,NA,NA,Fatal,2,0,0,2,0,NA,NA,Accident,37.93575,-84.50677,BUCKEYE,DREAM MACHINE,Powered parachute,PVT,Private Airstrip,False,1,NA,False,Personal,091,Substantial,Visual (VMC),On File,Landing,Ongoing,False,Approved by Office Director,NA,NA,10/27/2024,27-10-2024
DCA25LA015,Accident,195412,2024-10-29,Louisville,KY,USA,NA,N162UP; N162UP,0851; 0851,False,Aviation,Aviation,Approved by Office Director,2025-09-02,NA,None,0,0,0,0,0,The pilot’s incorrect pitch attitude during a bounced landing which resulted in a tailstrike.,Personnel issues - Task performance - Use of equip/info - Pilot; Aircraft - Aircraft oper/perf/capability - Performance/control parameters - Not attained/maintained,Accident,38.170667,-85.7308,AIRBUS; AIRBUS,A300 F4-622R; A300 F4-622R,Airplane; Airplane,SDF,LOUISVILLE MUHAMMAD ALI INTL,False,2,Turbo fan; Turbo fan,False,NA,121; 121,Substantial; Substantial,Visual (VMC); Visual (VMC),United Parcel Service Co; United Parcel Service Co,Landing,Completed,False,Approved by Office Director,NA,NA,10/29/2024,29-10-2024
ERA25LA031,Accident,195413,2024-10-08,Louisville,KY,USA,NA,N640MG,17265248,False,Aviation,Aviation,Approved by Office Director,2025-01-21,NA,None,0,0,0,0,0,"The pilot’s improper landing flare and control inputs, which resulted in a hard landing. Contributing was the flight instructor’s delayed remedial action.",Aircraft - Aircraft oper/perf/capability - Performance/control parameters - Not attained/maintained; Personnel issues - Action/decision - Action - Pilot; Personnel issues - Task performance - Use of equip/info - Pilot; Personnel issues - Action/decision - Action - Instructor/check pilot,Accident,38.227984,-85.664157,CESSNA,172,Airplane,LOU,BOWMAN FLD,False,1,Reciprocating,False,Personal,091,Substantial,Visual (VMC),"Kentucky Flight Training Center, LLC",Landing,Completed,False,Approved by Office Director,NA,NA,10/8/2024,8-10-2024
ERA25LA038,Accident,195441,2024-11-03,Taylorsville,KY,USA,NA,N256GD,23639,False,Aviation,Aviation,Approved by Office Director,2025-01-21,NA,None,0,0,0,0,0,A nose landing gear collapse following a bounced landing.,Personnel issues - Task performance - Use of equip/info - Pilot; Aircraft - Aircraft oper/perf/capability - Performance/control parameters - Not attained/maintained,Accident,38.118848,-85.333024,DENEAL DANIEL W,VANS RV6A,Airplane,58KY,Willow Island Airpark,True,1,Reciprocating,False,Personal,091,Substantial,Visual (VMC); Visual (VMC),On File,Landing,Completed,False,Approved by Office Director,NA,NA,11/3/2024,3-11-2024
ERA25LA083,Accident,199459,2024-12-19,Murray,KY,USA,NA,N755RP; N755RP,TD-487; TD-487,False,Aviation,Aviation,Approved by Office Director,2025-06-13,NA,None,0,0,0,0,0,"The pilot’s failure to lower the landing gear before touchdown, which resulted in a gear-up landing. Contributing was the designated pilot examiner’s inadequate monitoring and lack of remedial action.",Personnel issues - Action/decision - Action - Pilot; Aircraft - Aircraft systems - Landing gear system - Not used/operated; Personnel issues - Psychological - Attention/monitoring - Designated examiner,Accident,36.664412,-88.372267,BEECH; BEECH,B95A; B95A,Airplane; Airplane,CEY,KYLE-OAKLEY FLD,False,2,Reciprocating; Reciprocating,False,Instructional,091; 091,Substantial; Substantial,Visual (VMC),SKYVIEW AVIATION LLC; SKYVIEW AVIATION LLC,Landing,Completed,False,Approved by Office Director,NA,NA,12/19/2024,19-12-2024
ERA25LA101,Accident,199580,2025-01-09,Mayfield,KY,USA,NA,N4942G,17273489,False,Aviation,Aviation,Approved by Office Director,2025-04-22,NA,None,0,0,0,0,0,"The student pilot’s improper landing flare, which resulted in a hard landing and nose landing gear collapse.",Personnel issues - Task performance - Use of equip/info - Student/instructed pilot; Aircraft - Aircraft oper/perf/capability - Performance/control parameters - Not attained/maintained,Accident,36.773324,-88.584456,CESSNA,172N,Airplane,M25,Mayfield Graves County Airport,False,1,Reciprocating,False,Instructional,091,Substantial,Visual (VMC); Visual (VMC); Visual (VMC),On File,Landing; Landing,Completed,False,Approved by Office Director,NA,NA,1/9/2025,9-1-2025
ERA24LA236,Accident,194359,2024-06-02,Gilbertsville,KY,USA,NA,N220SW,14013,False,Aviation,Aviation,Approved by Office Director,2024-06-28,NA,None,0,0,0,0,0,The pilot's failure to maintain control of the helicopter while attempting to take off from sloping terrain.,Personnel issues - Task performance - Use of equip/info - Pilot; Aircraft - Aircraft oper/perf/capability - Performance/control parameters - Not attained/maintained,Accident,36.93702,-88.22934,ROBINSON,R44,Helicopter,NA,NA,False,1,Reciprocating,False,Personal,091,Substantial,Visual (VMC),On File,Takeoff,Completed,False,Approved by Office Director,NA,NA,6/2/2024,2-6-2024
ERA24FA304,Accident,194684,2024-07-13,Cuba,KY,USA,NA,N2003Y,802A-0428,False,Aviation,Aviation,Approved by Office Director,2025-09-11,NA,Fatal,1,0,0,1,0,Impact with terrain for reasons that could not be determined.,Not determined - Not determined - (general) - Unknown/Not determined,Accident,36.584728,-88.687044,AIR TRACTOR,AT802,Airplane,NA,NA,False,1,Turbo prop,False,Aerial application,137,Substantial,Visual (VMC),OOPS LLC,Maneuvering,Completed,False,Approved by Office Director,NA,NA,7/13/2024,13-7-2024
ERA24LA327,Accident,194783,2024-07-27,Russellville,KY,USA,NA,N280D,2027,False,Aviation,Aviation,Approved by Office Director,2025-01-23,NA,None,0,0,0,0,0,"The flight instructor’s failure to maintain sufficient rotor rpm while maneuvering the helicopter low to the ground, which resulted in a loss of control.",Personnel issues - Task performance - Use of equip/info - Instructor/check pilot,Accident,36.799611,-86.810917,ENSTROM,280FX,Helicopter,4M7,RUSSELLVILLE-LOGAN COUNTY,False,1,Reciprocating,False,Instructional,091,Substantial,Visual (VMC); Visual (VMC),On File,Maneuvering,Completed,False,Approved by Office Director,NA,NA,7/27/2024,27-7-2024
ERA24LA352,Accident,194966,2024-07-19,Danville,KY,USA,NA,N9991E,17272308,False,Aviation,Aviation,Approved by Office Director,2024-11-19,NA,None,0,0,0,0,0,The pilot’s failure to maintain control of the airplane while landing and his inadequate communication to the pilot-rated passenger of her role during the flight.,Personnel issues - Task performance - Communication (personnel) - Pilot; Aircraft - Aircraft oper/perf/capability - Performance/control parameters - Not attained/maintained; Aircraft - Aircraft oper/perf/capability - Performance/control parameters - Not attained/maintained; Personnel issues - Task performance - Use of equip/info - Pilot,Accident,37.577575,-84.769498,CESSNA,172,Airplane,DVK,Stuart Powell,False,1,Reciprocating,False,Personal,091,Substantial,Visual (VMC); Visual (VMC); Visual (VMC); Visual (VMC),WINGS FLIGHT ENTERPRISES INC,Landing; Landing; Landing; Landing,Completed,False,Approved by Office Director,NA,NA,7/19/2024,19-7-2024
ERA23LA353,Accident,192964,2023-08-28,Hopkinsville,KY,USA,NA,N8679V,1093-75,False,Aviation,Aviation,Approved by Office Director,2023-12-21,NA,None,0,0,0,0,0,"The pilot’s inadvertent encounter with helicopter wake turbulence during initial climb, which resulted in a loss of airplane control.",Personnel issues - Action/decision - Info processing/decision - Pilot; Environmental issues - Conditions/weather/phenomena - Turbulence - Contributed to outcome,Accident,36.856972,-87.455083,BELLANCA,7ECA,Airplane,HVC,Hopkinsville-Christian County,False,1,Reciprocating,False,Personal,091,Substantial,Visual (VMC); Visual (VMC),On File,InitialClimb,Completed,False,Approved by Office Director,NA,NA,8/28/2023,28-8-2023
CEN23LA387,Accident,192967,2023-08-30,Henderson,KY,USA,NA,N313CT; N313CT,BB-461; BB-461,False,Aviation,Aviation,Approved by Office Director,2024-01-25,NA,None,0,0,0,0,0,An in-flight collision with a bird shortly after takeoff.,Environmental issues - Physical environment - Object/animal/substance - Ability to respond/compensate; Environmental issues - Physical environment - Object/animal/substance - Effect on equipment,Accident,37.807778,-87.677778,BEECH; BEECH,200; 200,Airplane; Airplane,EHR,Henderson City,False,2,Turbo prop; Turbo prop,False,Business,091; 091,Substantial; Substantial,Visual (VMC); Visual (VMC); Visual (VMC),BEL-Air. LLC; BEL-Air. LLC,Takeoff,Completed,False,Approved by Office Director,NA,NA,8/30/2023,30-8-2023
ERA23LA363,Accident,193003,2023-09-04,Frankfort,KY,USA,NA,N1WN,E-2681,False,Aviation,Aviation,Approved by Office Director,2024-07-17,NA,None,0,0,0,0,0,A total loss of engine power for reasons that could not be determined.,Not determined - Not determined - (general) - Unknown/Not determined,Accident,38.184158,-84.899539,BEECH,A36,Airplane,FFT,Captial City Airport,False,1,Reciprocating,False,Personal,091,Substantial,Visual (VMC); Visual (VMC); Visual (VMC),On File,Enroute; Enroute,Completed,False,Approved by Office Director,NA,NA,9/4/2023,4-9-2023
DCA23LA445,Accident,193031,2023-09-07,Hebron,KY,USA,NA,N37531; N37531,66119; 66119,False,Aviation,Aviation,Approved by Office Director,2023-10-17,NA,Serious,0,0,0,1,0,An inadvertent encounter with convectively induced turbulence (CIT) during descent.,Personnel issues - Experience/knowledge - Knowledge - Flight crew; Environmental issues - Conditions/weather/phenomena - Turbulence - Awareness of condition; Environmental issues - Conditions/weather/phenomena - Turbulence - Effect on personnel,Accident,38.7509,-85.2676,BOEING; BOEING,737-9; 737-9,Airplane; Airplane,NA,NA,False,2,Turbo fan; Turbo fan,True,NA,121; 121,None; None,Visual (VMC); Visual (VMC); Visual (VMC),UNITED AIRLINES INC; UNITED AIRLINES INC,Enroute,Completed,False,Approved by Office Director,NA,NA,9/7/2023,7-9-2023
ERA23FA380,Accident,193156,2023-09-28,Whitesville,KY,USA,NA,N3079M,28-7816336,False,Aviation,Aviation,Approved by Office Director,2025-09-03,NA,Fatal,2,0,0,2,0,"The flight instructor’s improper decision to continue flight into a known area of thunderstorms, which resulted in an in-flight breakup.",Environmental issues - Conditions/weather/phenomena - Convective weather - Decision related to condition; Personnel issues - Action/decision - Info processing/decision - Instructor/check pilot; Aircraft - Aircraft structures - (general) - Capability exceeded,Accident,37.634366,-86.890423,PIPER,PA28,Airplane,NA,NA,False,1,Reciprocating,False,Instructional,091,Destroyed,Instrument (IMC),On File,Enroute; Enroute,Completed,False,Approved by Office Director,NA,NA,9/28/2023,28-9-2023
ERA24LA004,Accident,193209,2023-10-08,Georgetown,KY,USA,NA,N27MW,M001W,False,Aviation,Aviation,Approved by Office Director,2024-01-25,NA,None,0,0,0,0,0,"The pilot’s failure to maintain directional control of the airplane during the landing roll in gusting a gusting crosswind, resulting in a runway excursion and nose over.",Environmental issues - Conditions/weather/phenomena - Wind - Response/compensation; Aircraft - Aircraft oper/perf/capability - Performance/control parameters - Not attained/maintained; Personnel issues - Task performance - Use of equip/info - Pilot; Environmental issues - Conditions/weather/phenomena - Wind - Response/compensation,Accident,38.234434,-84.434684,MICHAEL J WRIGHT,SA300,Airplane,27K,Georgetown-Scott County,True,1,Reciprocating,False,Personal,091,Substantial,Visual (VMC),On File,Landing; Landing; Landing,Completed,False,Approved by Office Director,NA,NA,10/8/2023,8-10-2023
ERA24LA035,Accident,193382,2023-11-04,Tompkinsville,KY,USA,NA,N4056Z,18-8064,False,Aviation,Aviation,Approved by Office Director,2024-01-04,NA,None,0,0,0,0,0,"The pilot's failure to maintain adequate airspeed during the approach, which resulted in a hard landing.",Aircraft - Aircraft oper/perf/capability - Performance/control parameters - Not attained/maintained; Personnel issues - Task performance - Use of equip/info - Pilot,Accident,36.729028,-85.652389,PIPER,PA18,Airplane,TZV,TOMPKINSVILLE/MONROE COUNTY,False,1,Reciprocating,False,Personal,091,Substantial,Visual (VMC),G & L AIRBORNE INC,Landing,Completed,False,Approved by Office Director,NA,NA,11/4/2023,4-11-2023
ERA24LA039,Accident,193392,2023-11-07,London,KY,USA,NA,N2606A,3270,False,Aviation,Aviation,Approved by Office Director,2023-12-13,NA,None,0,0,0,0,0,"The pilot’s inadvertent application of nose down pitch trim during the attempted aborted landing, which resulted in abnormal contact with the runway.",Aircraft - Aircraft oper/perf/capability - Performance/control parameters - Incorrect use/operation; Personnel issues - Task performance - Use of equip/info - Pilot,Accident,37.086889,-84.077389,GAULDEN WILLIAM D,VANS RV-4,Airplane,LOZ,LONDON/CORBIN/MAGEE,True,1,Reciprocating,False,Personal,091,Substantial,Visual (VMC); Visual (VMC); Visual (VMC); Visual (VMC); Visual (VMC),On File,Landing,Completed,False,Approved by Office Director,NA,NA,11/7/2023,7-11-2023
ERA24LA109,Accident,193758,2024-02-01,Louisville,KY,USA,NA,N1317P; N1317P,23-357; 23-357,False,Aviation,Aviation,Approved by Office Director,2024-06-13,NA,None,0,0,0,0,0,The failure of maintenance personnel to thoroughly inspect and repair the worn-out panel fasteners and fastener holes.,Aircraft - Fluids/misc hardware - Misc hardware - Inadequate inspection; Personnel issues - Task performance - Inspection - Maintenance personnel; Aircraft - Aircraft structures - (general) - Fatigue/wear/corrosion,Accident,38.227984,-85.663749,PIPER; PIPER,PA23; PA23,Airplane; Airplane,LOU,BOWMAN FLD,False,2,Reciprocating; Reciprocating,False,Flight test,091; 091,Substantial; Substantial,Visual (VMC),On File; On File,InitialClimb; InitialClimb; Standing,Completed,False,Approved by Office Director,NA,NA,2/1/2024,1-2-2024
ERA24LA134,Accident,193903,2024-03-09,Clay,KY,USA,NA,N1703Q,15073003,False,Aviation,Aviation,Approved by Office Director,2026-03-12,NA,Serious,0,0,0,1,0,"The pilot’s decision to attempt a VFR flight in instrument meteorological conditions, which resulted in controlled flight into terrain. Contributing to the accident was the pilot’s impairment due to alcohol consumption.",Personnel issues - Physical - Impairment/incapacitation - Pilot; Environmental issues - Conditions/weather/phenomena - Ceiling/visibility/precip - Decision related to condition; Personnel issues - Action/decision - Info processing/decision - Pilot,Accident,37.552592,-87.845745,CESSNA,150,Airplane,NA,NA,False,1,Reciprocating,False,Personal,091,Substantial,Instrument (IMC),On File,Enroute; Enroute,Completed,False,Approved by Office Director,NA,NA,3/9/2024,9-3-2024
ERA23LA105,Accident,106552,2023-01-05,Paris,KY,USA,NA,N6111W,28-20126,False,Aviation,Aviation,Approved by Office Director,2023-06-15,NA,Minor,0,0,1,1,0,"The pilot’s loss of control after encountering changing wind conditions during the initial climb, which resulted in descent and collision with terrain.",Environmental issues - Conditions/weather/phenomena - Wind - Response/compensation; Aircraft - Aircraft oper/perf/capability - Performance/control parameters - Not attained/maintained; Personnel issues - Task performance - Use of equip/info - Pilot,Accident,38.2098,-84.253,PIPER,PA-28-140,Airplane,31KY,WILD BLUE,False,1,Reciprocating,False,Personal,091,Substantial,Visual (VMC),On File,InitialClimb; UncontrolledDescent; InitialClimb,Completed,False,Approved by Office Director,NA,NA,1/5/2023,5-1-2023
ERA23LA144,Accident,106850,2023-03-02,Slaughters,KY,USA,NA,N9420N,28R-35132,False,Aviation,Aviation,Approved by Office Director,2024-05-14,NA,None,0,0,0,0,0,"Maintenance personnel’s failure to secure the fuel strainer bowl with safety wire, which resulted in the fuel strainer bowl leaking and starving the engine of fuel. Also causal was the obstruction of two fuel injector nozzles.",Personnel issues - Task performance - Maintenance - Maintenance personnel; Aircraft - Aircraft systems - Fuel system - Incorrect service/maintenance,Accident,37.490436,-87.517488,PIPER,PA-28R-200,Airplane,None,NA,False,1,Reciprocating,False,Personal,091,Substantial,Visual (VMC); Visual (VMC); Visual (VMC),SPACE CADETS INC,Enroute; Landing,Completed,False,Approved by Office Director,NA,NA,3/2/2023,2-3-2023
ERA23LA154,Accident,106911,2022-12-15,Lexington,KY,USA,NA,N3844C; N3844C,310R1238; 310R1238,False,Aviation,Aviation,Approved by Office Director,2024-10-03,NA,None,0,0,0,0,0,A main landing gear collapse due to a landing gear actuator overtravel for reasons that could not be determined.,Aircraft - Aircraft systems - Landing gear system - Unknown/Not determined,Accident,38.03675,-84.608639,CESSNA; CESSNA,310R; 310R,Airplane; Airplane,LEX,BLUE GRASS,False,2,Reciprocating; Reciprocating,False,Personal,091; 091,Substantial; Substantial,Visual (VMC),On File; On File,Landing; Landing,Completed,False,Approved by Office Director,NA,NA,12/15/2022,15-12-2022
ERA23LA199,Accident,107078,2023-04-08,Somerset,KY,USA,NA,N2448R,28-5624,False,Aviation,Aviation,Approved by Office Director,2023-06-29,NA,None,0,0,0,0,0,"The pilot’s failure to maintain control of the airplane during the takeoff, which resulted in a runway excursion and collision with an airport navigation antenna.",Personnel issues - Task performance - Use of equip/info - Pilot; Aircraft - Aircraft oper/perf/capability - Performance/control parameters - Not attained/maintained; Aircraft - Aircraft oper/perf/capability - Performance/control parameters - Not attained/maintained,Accident,37.050958,-84.620018,PIPER,PA28,Airplane,SME,LAKE CUMBERLAND RGNL,False,1,Reciprocating,False,Personal,091,Substantial,Visual (VMC); Visual (VMC),On File,Takeoff; Takeoff; Takeoff,Completed,False,Approved by Office Director,NA,NA,4/8/2023,8-4-2023
ERA23LA231,Accident,174539,2023-05-15,Greenville,KY,USA,NA,N8262,WC001,False,Aviation,Aviation,Approved by Office Director,2024-06-05,NA,None,0,0,0,0,0,"The separation of an electrical wire that powered the ignition module, rendering the ignition system inoperative, and resulting in the total loss of engine power.",Aircraft - Aircraft power plant - Ignition system - Failure,Accident,37.256937,-87.215945,CHARLES D WALKER,WALKER CURTISS JN4D,Airplane,NA,NA,True,1,Reciprocating,False,Personal,091,Substantial,Visual (VMC); Visual (VMC); Visual (VMC),On File,Landing; EmergencyDescent; Enroute; Enroute,Completed,False,Approved by Office Director,NA,NA,5/15/2023,15-5-2023
WPR23LA236,Accident,192427,2023-03-24,Springfield,KY,USA,NA,N146MS,46-8408032,False,Aviation,Aviation,Approved by Office Director,2023-12-21,NA,None,0,0,0,0,0,"The pilot’s failure to activate the pitot heat in a timely manner during flight into icing conditions, which resulted in a temporary failure of the flight instruments and a subsequent loss of control.",Aircraft - Aircraft systems - Ice/rain protection system - Incorrect use/operation; Personnel issues - Task performance - Use of equip/info - Pilot,Accident,37.68,-85.01,PIPER,PA-46-310P,Airplane,NA,NA,False,1,Reciprocating,False,Business,091,Substantial,Visual (VMC); Visual (VMC),On File,Enroute,Completed,False,Approved by Office Director,NA,NA,3/24/2023,24-3-2023
ERA22LA280,Accident,105308,2022-06-19,OWENSBORO,KY,USA,NA,N35491,17281069,False,Aviation,Aviation,Approved by Office Director,2022-11-01,NA,None,0,0,0,0,0,"The student pilot's improper flare, which resulted in a loss of control during landing.
",Aircraft - Aircraft oper/perf/capability - Performance/control parameters - Not attained/maintained; Personnel issues - Task performance - Use of equip/info - Student/instructed pilot,Accident,37.74216,-87.165158,CESSNA,172R,Airplane,OWB,OWENSBORO-DAVIESS COUNTY RGNL,False,1,Reciprocating,False,Instructional,091,Substantial,Visual (VMC); Visual (VMC),On File,Landing,Completed,False,Approved by Office Director,NA,NA,6/19/2022,19-6-2022
ERA22LA294,Accident,105387,2022-06-24,Hartford,KY,USA,NA,N1940H,37,False,Aviation,Aviation,Approved by Office Director,2023-11-15,NA,Serious,0,1,0,1,0,"The pilot’s exceedance of the airplane’s critical angle of attack during the initial climb, which resulted in an aerodynamic stall during an attempted return to the runway.",Aircraft - Aircraft oper/perf/capability - Performance/control parameters - Not attained/maintained; Personnel issues - Task performance - Use of equip/info - Pilot; Aircraft - Aircraft oper/perf/capability - Performance/control parameters - Not attained/maintained,Accident,37.465688,-86.845786,Bucker,BU-133,Airplane,JDQ,Ohio County,False,1,Reciprocating,False,Personal,091,Substantial,Visual (VMC),On File,InitialClimb,Completed,False,Approved by Office Director,NA,NA,6/24/2022,24-6-2022
ERA22FA354,Accident,105660,2022-08-03,Cynthiana,KY,USA,NA,N88550,16175,False,Aviation,Aviation,Approved by Office Director,2023-12-14,NA,Fatal,1,1,0,2,0,"The pilot’s failure to maintain adequate airspeed and his exceedance of the airplane’s critical angle of attack, which resulted in an aerodynamic stall while maneuvering to land with approaching convective activity.",Personnel issues - Task performance - Use of equip/info - Pilot; Environmental issues - Conditions/weather/phenomena - Convective weather - Effect on equipment; Aircraft - Aircraft oper/perf/capability - Performance/control parameters - Not attained/maintained; Aircraft - Aircraft oper/perf/capability - Performance/control parameters - Not attained/maintained,Accident,38.365936,-84.281355,PIPER,J3C-65,Airplane,0I8,CYNTHIANA-HARRISON COUNTY,False,1,Reciprocating,False,Personal,091,Substantial,Visual (VMC),On File,Maneuvering; Approach; Approach,Completed,False,Approved by Office Director,NA,NA,8/3/2022,3-8-2022
ERA22LA362,Accident,105676,2022-08-07,Bardstown,KY,USA,NA,N723AG,40.427,False,Aviation,Aviation,Approved by Office Director,2024-04-10,NA,Fatal,1,0,0,1,0,"The pilot’s failure to provide adequate instructions to remain seated until the engine was shut down, which resulted in the passenger’s decision to exit the cockpit while the engine was operating and subsequently being struck by the rotating propeller.",Personnel issues - Action/decision - Action - Pilot,Accident,37.814333,-85.499639,Diamond Aircraft,DA-40,Airplane,BRY,SAMUELS FLD,False,1,Reciprocating,False,Personal,091,Minor,Visual (VMC),BCCM AIRCRAFT HOLDINGS LLC,Standing,Completed,False,Approved by Office Director,NA,NA,8/7/2022,7-8-2022
ERA22FA397,Accident,105866,2022-09-03,Arthur,KY,USA,NA,N162NH,109,False,Aviation,Aviation,Approved by Office Director,2024-03-20,NA,Fatal,1,0,0,1,0,"The pilot’s decision to attempt the cross-country flight in thunderstorm conditions, which resulted in controlled flight into terrain. Contributing to the accident was the pilot’s failure to obtain a weather briefing.",Environmental issues - Conditions/weather/phenomena - Convective weather - Effect on operation; Personnel issues - Task performance - Planning/preparation - Pilot; Personnel issues - Action/decision - Info processing/decision - Pilot; Aircraft - Aircraft oper/perf/capability - Performance/control parameters - Not attained/maintained,Accident,37.175949,-86.15031,ROTORWAY,JETEXEC,Helicopter,NA,NA,True,1,Turbo shaft,False,Personal,091,Destroyed,Instrument (IMC),On File,Enroute; Enroute,Completed,False,Approved by Office Director,NA,NA,9/3/2022,3-9-2022
ERA23LA002,Accident,106053,2022-10-02,Murray,KY,USA,NA,N3005E,7AC-6591,False,Aviation,Aviation,Approved by Office Director,2023-05-11,NA,Serious,0,1,0,1,0,The incorrect (reverse) rigging of the elevator cables by maintenance personnel and their subsequent failure to verify that the rigging was correct during post-maintenance checks and the pilot's inadequate preflight check.,Aircraft - Aircraft systems - Flight control system - Inadequate inspection; Personnel issues - Task performance - Inspection - Maintenance personnel; Personnel issues - Task performance - Maintenance - Maintenance personnel; Aircraft - Aircraft systems - Flight control system - Incorrect service/maintenance; Personnel issues - Action/decision - Action - Pilot,Accident,36.664581,-88.372776,AERONCA,7AC,Airplane,CEY,KYLE-OAKLEY FLD,False,1,Reciprocating,False,Personal,091,Substantial,Visual (VMC),On File,Takeoff; Takeoff; Standing; UncontrolledDescent; Standing,Completed,False,Approved by Office Director,NA,NA,10/2/2022,2-10-2022
ERA23LA031,Accident,106171,2022-10-15,Elizabethtown,KY,USA,NA,N63663,17275465,False,Aviation,Aviation,Approved by Office Director,2023-02-23,NA,None,0,0,0,0,0,"The pilot's decision to continue the taxi without visual reference to the surface, due to his vision being impaired by darkness and glare, which resulted in the airplane’s departure from the paved surface and impact with a ditch. Contributing was the flight instructor’s inadequate monitoring of the pilot.",Environmental issues - Conditions/weather/phenomena - Light condition - Effect on personnel; Environmental issues - Conditions/weather/phenomena - Light condition - Effect on personnel; Personnel issues - Action/decision - Info processing/decision - Pilot; Personnel issues - Psychological - Attention/monitoring - Instructor/check pilot,Accident,37.687774,-85.925779,CESSNA,172P,Airplane,EKX,ADDINGTON FLD,False,1,Reciprocating,False,Instructional,091,Substantial,Visual (VMC); Visual (VMC); Visual (VMC),"Tennessee Flyers, Inc",Taxi,Completed,False,Approved by Office Director,NA,NA,10/15/2022,15-10-2022
ERA22LA436,Accident,106210,2022-09-25,Richmond,KY,USA,NA,N711TL; N711TL,608423017; 608423017,False,Aviation,Aviation,Approved by Office Director,2023-05-11,NA,None,0,0,0,0,0,The pilot’s failure to extend the landing gear prior to landing.,Aircraft - Aircraft oper/perf/capability - Performance/control parameters - Not attained/maintained; Personnel issues - Action/decision - Action - Pilot,Accident,37.631533,-84.33244,PIPER; PIPER,PA60; PA60,Airplane; Airplane,RGA,Central Kentucky Regional,False,2,Reciprocating; Reciprocating,False,Personal,091; 091,Substantial; Substantial,Visual (VMC),On File; On File,Landing; Landing,Completed,False,Approved by Office Director,NA,NA,9/25/2022,25-9-2022
ERA23FA048,Accident,106244,2022-11-03,Harlan,KY,USA,NA,N84R,E-1146,False,Aviation,Aviation,Approved by Office Director,2024-04-25,NA,Fatal,1,0,0,1,0,"The pilot’s visual flight rules flight into instrument meteorological conditions during an approach to land at an airport in mountainous terrain, which resulted in controlled flight into terrain. Contributing to the accident was the pilot’s hazardous anti-authority attitude.",Environmental issues - Conditions/weather/phenomena - Ceiling/visibility/precip - Decision related to condition; Environmental issues - Task environment - Pressures/demands - Decision related to condition; Personnel issues - Psychological - Personality/attitude - Pilot; Personnel issues - Action/decision - Info processing/decision - Pilot; Environmental issues - Conditions/weather/phenomena - Ceiling/visibility/precip - Decision related to condition,Accident,36.857933,-83.365427,BEECH,A36,Airplane,I35,TUCKER-GUTHRIE MEML,False,1,Reciprocating,False,Personal,091,Destroyed,Instrument (IMC),On File,Approach; Approach,Completed,False,Approved by Office Director,NA,NA,11/3/2022,3-11-2022
ERA22LA042,Accident,104195,2021-10-27,Flemingsburg,KY,USA,NA,N4363W,32R-8429018,False,Aviation,Aviation,Approved by Office Director,2022-05-04,NA,None,0,0,0,0,0,"The pilot’s failure to obtain the proper touchdown point or go-around, which resulted in a runway excursion.
",Personnel issues - Action/decision - Info processing/decision - Pilot; Aircraft - Aircraft oper/perf/capability - Performance/control parameters - Not attained/maintained,Accident,38.541817,-83.743377,PIPER,PA32R,Airplane,FGX,Fleming-Mason Airport,False,1,Reciprocating,False,Personal,091,Substantial,Visual (VMC); Visual (VMC); Visual (VMC),On File,Landing; Landing; Landing,Completed,False,Approved by Office Director,NA,NA,10/27/2021,27-10-2021
ERA22FA085,Accident,104384,2021-12-10,Crab Orchard,KY,USA,NA,N5704V,D-8082,False,Aviation,Aviation,Approved by Office Director,2023-09-14,NA,Fatal,2,0,0,2,0,"The noninstrument-rated pilot’s decision to continue the visual flight rules flight into instrument meteorological conditions, which resulted in spatial disorientation and a loss of airplane control and collision with terrain. Contributing to the accident was the inoperative engine-driven vacuum pump.",Environmental issues - Conditions/weather/phenomena - Ceiling/visibility/precip - Decision related to condition; Personnel issues - Action/decision - Info processing/decision - Pilot; Aircraft - Aircraft systems - Vacuum system - Inoperative,Accident,37.429529,-84.560773,BEECH,V35,Airplane,DVK,STUART POWELL FLD,False,1,Reciprocating,False,Personal,091,Substantial,Instrument (IMC),On File,Enroute; Enroute; UncontrolledDescent,Completed,False,Approved by Office Director,NA,NA,12/10/2021,10-12-2021
ERA22LA111,Accident,104576,2022-01-30,Louisville,KY,USA,NA,N20312,17261182,False,Aviation,Aviation,Approved by Office Director,2022-06-14,NA,None,0,0,0,0,0,"The pilot’s failure to maintain directional control during landing in cross wind conditions.
",Aircraft - Aircraft oper/perf/capability - Performance/control parameters - Not attained/maintained; Environmental issues - Conditions/weather/phenomena - Wind - Effect on equipment; Personnel issues - Task performance - Use of equip/info - Pilot,Accident,38.227984,-85.663749,CESSNA,172M,Airplane,LOU,BOWMAN FLD,False,1,Reciprocating,False,Personal,091,Substantial,Visual (VMC),CARDINAL WINGS AVIATION LLC,Landing,Completed,False,Approved by Office Director,NA,NA,1/30/2022,30-1-2022
ERA22LA129,Accident,104657,2022-01-11,Louisville,KY,USA,NA,N377LX,5357,False,Aviation,Aviation,Approved by Office Director,2022-06-22,NA,None,0,0,0,0,0,"The pilot applicant’s delayed reaction to the balloon's increased rate of descent, which resulted in impact with a light pole.
",Personnel issues - Action/decision - Info processing/decision - Pilot; Aircraft - Aircraft oper/perf/capability - Performance/control parameters - Not attained/maintained; Personnel issues - Task performance - Use of equip/info - Pilot,Accident,38.212506,-85.529867,LINDSTRAND BALLOONS,60X,Balloon,NA,NA,False,0,NA,False,Personal,091,Substantial,Visual (VMC),PRESTIGIOUS PROMOTIONS LLC,Maneuvering; Maneuvering; Maneuvering; UncontrolledDescent,Completed,False,Approved by Office Director,NA,NA,1/11/2022,11-1-2022
ERA22LA147,Accident,104733,2022-03-05,HAZARD,KY,USA,NA,N767RT,T18209006,False,Aviation,Aviation,Approved by Office Director,2022-07-05,NA,None,0,0,0,0,0,"The pilot's loss of directional control while landing, which resulted in a runway excursion.
",Personnel issues - Task performance - Use of equip/info - Pilot; Aircraft - Aircraft oper/perf/capability - Performance/control parameters - Not attained/maintained; Environmental issues - Conditions/weather/phenomena - Wind - Effect on operation,Accident,37.387361,-83.261611,CESSNA,T182T,Airplane,CPF,WENDELL H FORD,False,1,Reciprocating,False,Personal,091,Substantial,Visual (VMC),On File,Landing,Completed,False,Approved by Office Director,NA,NA,3/5/2022,5-3-2022
ERA22LA221,Accident,105060,2022-05-02,Lexington,KY,USA,NA,N750LK,75-10732,False,Aviation,Aviation,Approved by Office Director,2022-07-01,NA,None,0,0,0,0,0,"The pilot's failure to maintain directional control during landing.
",Aircraft - Aircraft oper/perf/capability - Performance/control parameters - Not attained/maintained; Personnel issues - Task performance - Use of equip/info - Pilot,Accident,38.03675,-84.608639,KYLE M SWARD / LARRY W SWARD,CH 750 CRUZER,Airplane,LEX,Blue Grass,True,1,Reciprocating,False,Personal,091,Substantial,Visual (VMC),On File,Landing,Completed,False,Approved by Office Director,NA,NA,5/2/2022,2-5-2022
ERA22LA225,Accident,105074,2022-05-13,Owensboro,KY,USA,NA,N92913,18260427,False,Aviation,Aviation,Approved by Office Director,2023-02-23,NA,Minor,0,0,2,2,0,The pilot's failure to maintain directional control during takeoff.,Aircraft - Aircraft oper/perf/capability - Performance/control parameters - Not attained/maintained; Personnel issues - Task performance - Use of equip/info - Pilot,Accident,37.744206,-87.165038,CESSNA,182,Airplane,OWB,Owensboro/Daviess County Regional Airport,False,1,Reciprocating,False,Personal,091,Substantial,Visual (VMC),BAKALAR FLYING CLUB INC,Takeoff; Takeoff,Completed,False,Approved by Office Director,NA,NA,5/13/2022,13-5-2022
ERA21LA331,Accident,103726,2021-08-18,Louisville,KY,USA,NA,N62LU,17280590,False,Aviation,Aviation,Approved by Office Director,2022-05-25,NA,None,0,0,0,0,0,"A loss of directional on takeoff for reasons that could not be determined. 
",Personnel issues - Task performance - Use of equip/info - Instructor/check pilot; Personnel issues - Task performance - Use of equip/info - Student/instructed pilot; Aircraft - Aircraft oper/perf/capability - Performance/control parameters - Not attained/maintained,Accident,38.227984,-85.663749,CESSNA,172R,Airplane,LOU,BOWMAN FLD,False,1,Reciprocating,False,Instructional,091,Substantial,Visual (VMC),LOUISVILLE AIRCRAFT LEASING LLC,Takeoff,Completed,False,Approved by Office Director,NA,NA,8/18/2021,18-8-2021
ERA21LA338,Accident,103758,2021-08-24,Crittenden,KY,USA,NA,N101KL,JA536-11-18,False,Aviation,Aviation,Approved by Office Director,2023-08-15,NA,None,0,0,0,0,0,"The pilot’s inadequate fuel planning, which resulted in fuel starvation and a total loss of engine power.",Personnel issues - Task performance - Planning/preparation - Pilot; Aircraft - Fluids/misc hardware - Fluids - Related operating info,Accident,38.808056,-84.559444,SCHMITT,Just Acft Highlander,Airplane,PVT,PVT,True,1,Reciprocating,False,Personal,091,Substantial,Visual (VMC),On File,Approach; Approach,Completed,False,Approved by Office Director,NA,NA,8/24/2021,24-8-2021
