INSTNM,STABBR,UGDS,ADM_RATE,COSTT4_A,C150_4
Alabama A & M University,AL,6124,0.5795,27153,0.2403
University of Alabama at Birmingham,AL,11635,0.8818,28145,0.6423
University of Alabama in Huntsville,AL,6591,0.6857,27392,0.6429
Alabama State University,AL,3477,0.9755,23586,0.3034
The University of Alabama,AL,33227,0.7665,33382,0.7337
Auburn University at Montgomery,AL,2542,0.9157,21353,0.326
Auburn University,AL,26816,0.4592,34919,0.8195
Faulkner University,AL,1549,0.7307,37626,0.374
Huntingdon College,AL,879,0.6949,40908,0.4798
Heritage Christian University,AL,75,0.9,20909,0.6667
Jacksonville State University,AL,7036,0.7769,24257,0.5472
University of West Alabama,AL,2974,0.4265,22758,0.347
University of Mobile,AL,1307,0.7789,41115,0.5685
University of Montevallo,AL,2151,0.5385,27398,0.541
University of North Alabama,AL,5811,0.8731,23786,0.5491
Oakwood University,AL,1153,0.4522,40176,0.4462
Samford University,AL,4206,0.8236,57456,0.7704
University of South Alabama,AL,8879,0.7096,25476,0.5267
Spring Hill College,AL,782,0.7657,39936,0.521
Stillman College,AL,706,0.6225,26107,0.25
Talladega College,AL,701,0.8542,25185,0.3091
Troy University,AL,9805,0.9604,23165,0.503
Tuskegee University,AL,2630,0.4868,43454,0.5498
Arizona State University Campus Immersion,AZ,64674,0.8989,30111,0.6804
University of Arizona,AZ,42537,0.8614,29423,0.6752
Embry-Riddle Aeronautical University-Prescott,AZ,3218,0.7658,62798,0.6776
Grand Canyon University,AZ,73371,0.7891,32702,0.4346
Northern Arizona University,AZ,22903,0.8961,29933,0.6132
Prescott College,AZ,219,0.9451,48532,0.5556
Arizona Christian University,AZ,1165,0.7062,54792,0.3987
University of Arkansas at Little Rock,AR,4949,0.5878,22519,0.4165
Lyon College,AR,648,0.6276,44978,0.4676
University of Arkansas,AR,28677,0.743,27767,0.7052
University of Arkansas at Pine Bluff,AR,1807,0.4118,21129,0.4043
Arkansas State University,AR,9110,0.8226,25082,0.554
University of Central Arkansas,AR,7762,0.8949,25029,0.5353
Central Baptist College,AR,484,0.6346,30605,0.3411
Harding University,AR,3382,0.7052,39534,0.6879
Hendrix College,AR,1100,0.5565,55013,0.7235
John Brown University,AR,1471,0.7614,44710,0.7179
Ouachita Baptist University,AR,1602,0.6752,47321,0.614
University of the Ozarks,AR,767,0.5951,38666,0.5148
Williams Baptist University,AR,478,0.8342,33597,0.2564
Southern Arkansas University Main Campus,AR,2708,0.7533,24951,0.4882
Art Center College of Design,CA,2017,0.7454,75649,0.7917
Azusa Pacific University,CA,2759,0.8843,56313,0.6179
Biola University,CA,3474,0.7435,62757,0.676
California Baptist University,CA,8179,0.8488,54038,0.6188
California College of the Arts,CA,990,0.911,79776,0.6122
California Institute of Technology,CA,987,0.0257,86886,0.9437
California Lutheran University,CA,2296,0.7567,68426,0.696
California Polytechnic State University-San Luis Obispo,CA,21996,0.3132,32265,0.864
California State University-Bakersfield,CA,8577,0.9385,19522,0.498
California State University-Stanislaus,CA,8385,0.9814,19739,0.5345
California State University-San Bernardino,CA,15023,0.9374,17427,0.549
California State Polytechnic University-Pomona,CA,25042,0.7517,23955,0.6843
California State University-Chico,CA,13631,0.9272,26283,0.6278
California State University-Dominguez Hills,CA,12538,0.933,23191,0.4279
California State University-Fresno,CA,21605,0.9526,20095,0.5696
California State University-Fullerton,CA,38546,0.9052,18269,0.7018
California State University-East Bay,CA,9809,0.9739,22850,0.4795
California State University-Long Beach,CA,35924,0.4627,22679,0.6888
California State University-Los Angeles,CA,19562,0.9125,18403,0.5298
California State University-Northridge,CA,32691,0.9345,20485,0.5695
California State University-Sacramento,CA,28350,0.9399,22945,0.5629
University of California-Berkeley,CA,33068,0.1098,45619,0.9284
University of California-Davis,CA,32253,0.4183,41238,0.8567
University of California-Irvine,CA,30197,0.2857,38632,0.8687
University of California-Los Angeles,CA,33475,0.0897,38614,0.9262
University of California-Riverside,CA,22593,0.7639,38942,0.7596
University of California-San Diego,CA,34948,0.2671,38701,0.8605
University of California-Santa Barbara,CA,23113,0.3297,41573,0.8303
University of California-Santa Cruz,CA,17940,0.6579,41179,0.7509
California Institute of the Arts,CA,860,0.3234,77560,0.6667
Cal Poly Maritime Academy,CA,804,0.9501,29853,0.5972
Chapman University,CA,7478,0.6543,83146,0.8188
Charles R Drew University of Medicine and Science,CA,282,0.3874,39834,0.2963
Concordia University-Irvine,CA,1536,0.6599,58682,0.5831
San Diego Christian College,CA,87,0.3081,31745,0.1967
Claremont McKenna College,CA,1388,0.0959,86500,0.9136
University of Silicon Valley,CA,455,0.5118,35722,0.2874
Design Institute of San Diego,CA,77,1,55911,0.8
Dominican University of California,CA,1114,0.835,71751,0.7805
Fresno Pacific University,CA,1544,0.6407,44249,0.5
Harvey Mudd College,CA,921,0.1266,90165,0.9188
California State Polytechnic University-Humboldt,CA,5612,0.982,25170,0.4855
Life Pacific University,CA,456,0.958,35062,0.404
University of La Verne,CA,3050,0.7117,62278,0.6312
Laguna College of Art and Design,CA,746,0.9432,57989,0.5172
La Sierra University,CA,1116,0.915,51459,0.5973
The Master's University and Seminary,CA,1622,0.8402,54845,0.6773
Loyola Marymount University,CA,7094,0.4508,83943,0.7887
Menlo College,CA,752,0.6847,72020,0.535
Mount Saint Mary's University,CA,1719,0.7313,66726,0.5325
Newschool of Architecture and Design,CA,182,1,62004,0.619
Occidental College,CA,1877,0.4417,84800,0.8088
Otis College of Art and Design,CA,1223,0.8176,75861,0.663
Hope International University,CA,564,0.3298,51784,0.4944
University of the Pacific,CA,3204,0.7132,71515,0.6905
Pepperdine University,CA,3553,0.6286,93512,0.8335
Pitzer College,CA,1227,0.2516,86466,0.8339
Point Loma Nazarene University,CA,3188,0.8368,60488,0.7717
Pomona College,CA,1666,0.0709,85300,0.932
University of Redlands,CA,2049,0.8271,76630,0.6727
San Diego State University,CA,35377,0.3619,27780,0.7643
University of San Diego,CA,5671,0.5238,78720,0.8367
San Francisco Conservatory of Music,CA,226,0.5491,78781,0.7368
San Francisco State University,CA,18639,0.9644,26488,0.5037
University of San Francisco,CA,5287,0.6171,80141,0.7006
William Jessup University,CA,1294,0.9333,53703,0.5598
San Jose State University,CA,27601,0.8461,26593,0.6922
Santa Clara University,CA,6552,0.48,82026,0.8792
Scripps College,CA,1113,0.3829,87564,0.8254
Shasta Bible College and Graduate School,CA,21,1,34535,1
Simpson University,CA,809,0.8603,54688,0.4884
Saint Mary's College of California,CA,1947,0.8653,77659,0.703
Sonoma State University,CA,5166,0.9343,24648,0.5759
Vanguard University of Southern California,CA,1933,0.6244,52665,0.5677
Southern California Institute of Architecture,CA,236,0.766,71612,0.7143
University of Southern California,CA,20443,0.0981,90300,0.9183
Thomas Aquinas College,CA,566,0.8309,43426,0.843
Westmont College,CA,1302,0.7705,71150,0.7035
Whittier College,CA,764,0.8079,63664,0.5996
Woodbury University,CA,779,0.8165,58010,0.6
Yeshiva Ohr Elchonon Chabad West Coast Talmudical Seminary,CA,163,0.5821,31300,0.1186
University of Colorado Denver/Anschutz Medical Campus,CO,10519,0.7468,24902,0.4615
University of Colorado Colorado Springs,CO,8697,0.9735,24595,0.4693
University of Colorado Boulder,CO,31939,0.7808,37684,0.7419
Colorado College,CO,2014,0.1847,86921,0.8766
Colorado School of Mines,CO,6155,0.6069,40560,0.8171
Colorado State University-Fort Collins,CO,25538,0.8854,31642,0.6651
University of Denver,CO,6025,0.7781,78476,0.756
Fort Lewis College,CO,3079,0.773,27030,0.3564
Metropolitan State University of Denver,CO,15002,0.988,24622,0.3154
Naropa University,CO,339,1,53397,0.3667
University of Northern Colorado,CO,5598,0.8585,29254,0.5124
Regis University,CO,2627,0.8646,54800,0.6102
Colorado State University Pueblo,CO,3042,0.949,23937,0.3973
Western Colorado University,CO,1586,0.9971,25736,0.505
Albertus Magnus College,CT,991,0.5931,59407,0.5148
University of Bridgeport,CT,1534,0.8302,52957,0.4119
Central Connecticut State University,CT,7822,0.7333,24870,0.4844
Connecticut College,CT,1937,0.3704,84623,0.8205
University of Connecticut,CT,19835,0.5239,39426,0.8329
Eastern Connecticut State University,CT,3418,0.8298,31983,0.5752
Fairfield University,CT,5373,0.3329,76074,0.843
University of Hartford,CT,4146,0.9575,64729,0.5438
Mitchell College,CT,377,0.9466,55621,0.4218
University of New Haven,CT,4841,0.6038,66962,0.6307
Quinnipiac University,CT,6531,0.7215,72215,0.757
Sacred Heart University,CT,7087,0.6536,69289,0.7346
University of Saint Joseph,CT,838,0.7859,59900,0.6376
Southern Connecticut State University,CT,6295,0.9147,29673,0.4993
Trinity College,CT,2146,0.2925,87840,0.8377
Wesleyan University,CT,3067,0.1649,89020,0.9264
Western Connecticut State University,CT,3511,0.8701,24877,0.5176
Yale University,CT,6758,0.0387,88300,0.9574
Delaware State University,DE,4398,0.4658,27939,0.391
University of Delaware,DE,19071,0.706,30952,0.8055
Goldey-Beacom College,DE,691,0.8451,26502,0.5743
American University,DC,7266,0.6196,76058,0.7549
The Catholic University of America,DC,3154,0.8278,75481,0.7947
Gallaudet University,DC,812,0.5806,40374,0.4726
George Washington University,DC,11182,0.4709,83856,0.8398
Georgetown University,DC,7569,0.1291,88741,0.9481
Howard University,DC,10108,0.4134,54630,0.6996
Trinity Washington University,DC,1414,0.9952,33903,0.4929
Baptist University of Florida,FL,360,0.3599,23159,0.5185
Barry University,FL,2212,0.7724,50778,0.3787
Bethune-Cookman University,FL,2732,0.8824,29764,0.3052
Lynn University,FL,2859,0.7347,67880,0.5206
Albizu University-Miami,FL,287,0.7571,28344,0.4
University of Central Florida,FL,59146,0.4011,23133,0.7801
Eckerd College,FL,1888,0.758,68944,0.6592
Edward Waters University,FL,1087,0.8495,26617,0.2819
Embry-Riddle Aeronautical University-Daytona Beach,FL,7860,0.6481,64632,0.6655
Florida Agricultural and Mechanical University,FL,7582,0.2056,23970,0.5335
Florida Atlantic University,FL,23757,0.6613,21522,0.6257
Flagler College,FL,2391,0.8076,45744,0.5598
Florida College,FL,588,0.6966,34870,0.5404
Florida Institute of Technology,FL,3404,0.577,62440,0.6354
Florida International University,FL,39508,0.5466,21462,0.7443
Florida Memorial University,FL,1183,0.8526,35809,0.311
Florida Southern College,FL,2656,0.6442,60768,0.7055
Florida State University,FL,32212,0.2422,25720,0.8561
University of Florida,FL,35629,0.242,22523,0.9112
Jacksonville University,FL,2930,0.5694,63969,0.5065
University of Miami,FL,12913,0.189,86078,0.8368
University of North Florida,FL,13359,0.5324,20983,0.6921
Nova Southeastern University,FL,7240,0.7321,56692,0.6334
Palm Beach Atlantic University,FL,2603,0.8199,53827,0.5534
Ringling College of Art and Design,FL,1662,0.6965,80276,0.7207
Rollins College,FL,2631,0.4754,76108,0.7505
Saint Leo University,FL,6721,0.784,45264,0.45
University of South Florida,FL,37207,0.4319,22859,0.7676
St. Thomas University,FL,2214,0.9791,51205,0.4806
Stetson University,FL,2297,0.716,72533,0.6229
Southeastern University,FL,4813,0.5298,49329,0.4255
The University of Tampa,FL,10572,0.4034,51614,0.637
Trinity College of Jacksonville,FL,386,0.5328,26995,0.3418
Warner University,FL,756,0.4281,41044,0.4213
Webber International University,FL,813,0.694,50989,0.2796
University of West Florida,FL,9330,0.5824,19947,0.588
Abraham Baldwin Agricultural College,GA,3208,0.7572,13956,0.3615
Agnes Scott College,GA,836,0.6215,63283,0.7068
Point University,GA,1996,0.4426,33564,0.3407
Clark Atlanta University,GA,3603,0.6422,43676,0.4902
Berry College,GA,2245,0.64,56697,0.6949
Brenau University,GA,1029,0.8778,46010,0.3291
Clayton  State University,GA,4348,0.6845,17415,0.3986
Columbus State University,GA,5625,0.9912,21676,0.4176
Covenant College,GA,939,0.8651,57467,0.7149
Emmanuel University,GA,775,0.74,37604,0.4228
Emory University,GA,7298,0.1065,83622,0.9109
Fort Valley State University,GA,2684,0.6587,19879,0.4111
Georgia Institute of Technology-Main Campus,GA,18785,0.1407,28167,0.9402
Georgia Southwestern State University,GA,2424,0.7517,20484,0.4064
Georgia College & State University,GA,5947,0.7823,30258,0.6361
Georgia Southern University,GA,21790,0.8789,24430,0.549
Georgia State University,GA,26623,0.5544,28241,0.5306
University of Georgia,GA,32137,0.377,27993,0.8969
Gordon State College,GA,2544,0.859,14771,0.2043
LaGrange College,GA,636,0.6209,49681,0.4692
Life University,GA,893,0.9303,41295,0.3793
Herzing University-Atlanta,GA,387,0.9375,27007,0.1395
Mercer University,GA,4500,0.6889,58204,0.6962
Morehouse College,GA,2844,0.4396,51433,0.5944
Oglethorpe University,GA,1352,0.8845,60581,0.541
Paine College,GA,388,0.9543,27431,0.1443
Piedmont University,GA,1117,0.9328,46801,0.4741
Reinhardt University,GA,1066,0.6154,46386,0.4357
Savannah College of Art and Design,GA,15243,0.8298,63627,0.6941
Shorter University,GA,1028,0.9646,35726,0.3769
Spelman College,GA,3414,0.2487,50952,0.7846
Thomas University,GA,998,0.383,23079,0.2754
Toccoa Falls College,GA,875,0.6596,37561,0.4366
Truett McConnell University,GA,744,0.7826,39152,0.3781
Valdosta State University,GA,6622,0.7229,20801,0.4236
Wesleyan College,GA,400,0.591,40721,0.4452
University of West Georgia,GA,7520,0.5161,21981,0.4349
Young Harris College,GA,755,0.6264,48301,0.4175
Chaminade University of Honolulu,HI,1672,0.9143,45798,0.554
University of Hawaii at Hilo,HI,2160,0.6063,21173,0.4837
University of Hawaii at Manoa,HI,15029,0.866,26433,0.6429
Hawaii Pacific University,HI,2392,0.8587,50674,0.3489
University of Hawaii-West Oahu,HI,2519,0.9534,18410,0.4955
Boise Bible College,ID,93,0.9048,23301,0.3158
Boise State University,ID,17674,0.8721,28224,0.602
University of Idaho,ID,7747,0.7553,23738,0.5728
The College of Idaho,ID,1041,0.491,50542,0.6254
Lewis-Clark State College,ID,2385,0.8769,21925,0.4017
Northwest Nazarene University,ID,1024,0.6474,55163,0.7076
School of the Art Institute of Chicago,IL,2805,0.7747,75625,0.6699
Augustana College,IL,2490,0.6268,63553,0.7286
Aurora University,IL,3974,0.8085,40625,0.6032
Blackburn College,IL,471,0.6319,37916,0.5749
Bradley University,IL,3574,0.7676,54730,0.7617
Chicago State University,IL,1384,0.4326,29764,0.1549
University of Chicago,IL,7569,0.0448,90360,0.9585
Columbia College Chicago,IL,5368,0.8946,51889,0.5155
Concordia University-Chicago,IL,1323,0.9279,45383,0.3646
DePaul University,IL,14090,0.7589,63052,0.678
Eastern Illinois University,IL,4188,0.6535,26996,0.4736
Elmhurst University,IL,3006,0.7364,54679,0.7
Eureka College,IL,522,0.8499,39578,0.4161
Governors State University,IL,2556,0.4827,24227,0.2211
Greenville University,IL,955,0.975,45091,0.3982
Hebrew Theological College,IL,90,0.5714,35559,0.5
University of Illinois Chicago,IL,22170,0.7735,27521,0.6162
Benedictine University,IL,1942,0.9523,46713,0.5033
University of Illinois Urbana-Champaign,IL,36258,0.4237,33642,0.8513
Illinois Wesleyan University,IL,1582,0.3931,70700,0.747
Illinois College,IL,930,0.7819,48955,0.6382
Illinois Institute of Technology,IL,2833,0.5493,68164,0.7521
Illinois State University,IL,19057,0.8815,34309,0.6454
Judson University,IL,708,0.4759,43137,0.5987
Knox College,IL,1127,0.7079,68134,0.6773
Lake Forest College,IL,1813,0.5681,70655,0.7778
Lewis University,IL,4015,0.7129,47313,0.6661
Loyola University Chicago,IL,11737,0.816,67408,0.7304
McKendree University,IL,1752,0.7172,48845,0.5333
Methodist College,IL,245,0.3889,46874,0.2
Millikin University,IL,1382,0.6668,57475,0.5494
Monmouth College,IL,702,0.9093,57157,0.6461
Moody Bible Institute,IL,1510,0.8269,34327,0.6233
National Louis University,IL,4406,0.9505,24154,0.3014
North Central College,IL,2428,0.7733,57219,0.64
North Park University,IL,1818,0.6851,44172,0.5772
Northern Illinois University,IL,11301,0.6979,28851,0.4866
Northwestern University,IL,9201,0.0769,91250,0.9513
Northeastern Illinois University,IL,3982,0.746,26960,0.2165
Olivet Nazarene University,IL,2603,0.5586,51981,0.6084
Quincy University,IL,1010,0.5093,50091,0.4504
Rockford University,IL,972,0.9291,49169,0.472
Roosevelt University,IL,2849,0.9716,35332,0.3514
Dominican University,IL,2561,0.9032,43891,0.5526
University of St Francis,IL,1223,0.6529,46239,0.6682
Saint Xavier University,IL,3096,0.843,43244,0.5661
University of Illinois Springfield,IL,2263,0.8588,25521,0.5321
Southern Illinois University-Carbondale,IL,8494,0.8688,28329,0.6241
Southern Illinois University Edwardsville,IL,8750,0.975,28919,0.5697
Trinity Christian College,IL,820,0.8492,35012,0.5752
Trinity International University-Illinois,IL,55,1,16515,0.461
VanderCook College of Music,IL,76,0.8947,44613,0.6667
Western Illinois University,IL,4410,0.7118,28254,0.4522
Wheaton College,IL,2121,0.874,59263,0.8475
Anderson University,IN,1057,0.7934,51585,0.5379
Ball State University,IN,13988,0.855,26146,0.6234
Bethel University,IN,1008,0.9766,43885,0.5322
Butler University,IN,4317,0.8508,65970,0.8038
DePauw University,IN,1905,0.5719,74320,0.7469
Earlham College,IN,670,0.7311,67684,0.69
University of Evansville,IN,1539,0.776,57451,0.6446
Franklin College,IN,900,0.698,54178,0.603
Goshen College,IN,773,0.8407,48449,0.65
Grace College and Theological Seminary,IN,1464,0.8215,41838,0.6877
Hanover College,IN,1031,0.837,58821,0.6713
Holy Cross College,IN,639,0.7518,50881,0.7289
Huntington University,IN,1082,0.7564,42157,0.636
Purdue University Fort Wayne,IN,5484,0.8389,22183,0.3627
Indiana University-Indianapolis,IN,13830,0.7637,23316,0.5445
University of Indianapolis,IN,3005,0.665,52590,0.5582
Indiana Institute of Technology,IN,1441,0.7039,45879,0.4779
Indiana State University,IN,6188,0.8077,24535,0.4288
Indiana University-Kokomo,IN,2352,0.8648,11837,0.4561
Indiana University-South Bend,IN,3933,0.8384,17364,0.4009
Indiana University-Bloomington,IN,37806,0.7821,28801,0.8021
Indiana University-Northwest,IN,2661,0.7339,13989,0.3738
Indiana University-Southeast,IN,3170,0.8446,16411,0.3919
Indiana University-East,IN,2589,0.6722,16954,0.3958
Manchester University,IN,936,0.7106,49993,0.4608
Marian University,IN,2266,0.9546,56258,0.6722
Indiana Wesleyan University-Marion,IN,1974,0.8894,44776,0.6671
University of Notre Dame,IN,8818,0.1127,83271,0.9517
Oakland City University,IN,499,0.8251,42441,0.6552
Rose-Hulman Institute of Technology,IN,2309,0.7686,77890,0.7816
University of Saint Francis-Fort Wayne,IN,1567,0.9597,47223,0.5497
Saint Mary-of-the-Woods College,IN,853,0.7239,49512,0.4663
Saint Mary's College,IN,1458,0.7597,66478,0.6933
Taylor University,IN,2025,0.7353,53405,0.7381
Trine University,IN,2324,0.8548,51109,0.6438
Valparaiso University,IN,2083,0.8943,58437,0.7037
Wabash College,IN,866,0.633,65144,0.7701
Buena Vista University,IA,1366,0.7761,54222,0.6169
Central College,IA,1070,0.8617,37773,0.6619
Clarke University,IA,742,0.7183,55782,0.5612
Coe College,IA,1164,0.6404,67372,0.659
Cornell College,IA,1086,0.799,66249,0.6182
Dordt University,IA,1597,0.6847,51733,0.7014
Drake University,IA,2543,0.6385,64835,0.7403
University of Dubuque,IA,1440,0.8863,53806,0.4008
Faith Baptist Bible College and Theological Seminary,IA,405,0.6752,32722,0.6753
Graceland University-Lamoni,IA,798,0.8083,48294,0.4195
Grand View University,IA,1486,0.9909,48522,0.5399
Grinnell College,IA,1729,0.1451,83440,0.8812
Iowa State University,IA,25367,0.8866,24018,0.7532
University of Iowa,IA,22264,0.8362,28596,0.7463
Loras College,IA,1083,0.9986,50537,0.676
Luther College,IA,1379,0.7154,65461,0.7112
Maharishi International University,IA,922,0.957,27892,0.5
Mercy College of Health Sciences,IA,867,0.9971,34398,0.6552
Morningside University,IA,1163,0.7104,52577,0.5014
Mount Mercy University,IA,1107,0.8252,55054,0.5774
University of Northern Iowa,IA,7529,0.9274,22278,0.6792
Northwestern College,IA,1175,0.8036,49783,0.6605
Saint Ambrose University,IA,1916,0.7733,51141,0.6103
Simpson College,IA,1227,0.8622,61227,0.6333
Upper Iowa University,IA,1994,0.9646,34022,0.3389
Waldorf University,IA,1827,0.7698,39675,0.2114
Wartburg College,IA,1452,0.7584,64359,0.643
William Penn University,IA,1301,0.5188,42874,0.3262
Baker University,KS,1100,0.9419,50918,0.5779
Benedictine College,KS,2272,0.9812,52206,0.6158
Bethany College,KS,569,0.56,53738,0.3574
Bethel College-North Newton,KS,504,0.935,52193,0.4112
Central Christian College of Kansas,KS,380,0.5271,33327,0.2697
Emporia State University,KS,2239,0.9771,21967,0.561
Fort Hays State University,KS,9733,0.9026,19909,0.477
Barclay College,KS,168,0.5098,42890,0.3226
Friends University,KS,1048,0.5522,50482,0.4335
University of Kansas,KS,21217,0.9348,26751,0.6881
Newman University,KS,851,0.7398,46489,0.5281
Kansas State University,KS,15142,0.8169,27402,0.7108
Kansas Wesleyan University,KS,956,0.719,47437,0.4863
Manhattan Christian College,KS,146,1,34466,0.4429
McPherson College,KS,872,0.7676,50611,0.3392
MidAmerica Nazarene University,KS,983,0.788,57355,0.5361
Ottawa University-Ottawa,KS,870,0.8296,51856,0.279
Pittsburg State University,KS,4210,0.8942,22099,0.5659
University of Saint Mary,KS,925,0.8663,48728,0.4776
Southwestern College,KS,924,0.7555,58432,0.3568
Sterling College,KS,538,0.4817,47185,0.4129
Tabor College,KS,494,0.6458,50350,0.3374
Wichita State University,KS,10780,0.9395,21780,0.5103
Alice Lloyd College,KY,558,0.7523,31200,0.3892
Asbury University,KY,1420,0.634,47459,0.6498
Bellarmine University,KY,2161,0.8611,61691,0.6436
Berea College,KY,1513,0.1934,60718,0.5822
Brescia University,KY,545,0.3524,44328,0.5371
Campbellsville University,KY,2840,0.7974,42603,0.4201
Centre College,KY,1400,0.5436,67787,0.8067
University of the Cumberlands,KY,6941,0.9881,25567,0.5043
Eastern Kentucky University,KY,12318,0.7761,23735,0.5004
Georgetown College,KY,1097,0.9106,56886,0.4885
Kentucky Mountain Bible College,KY,69,1,16603,0.6429
Kentucky State University,KY,1309,0.9608,21727,0.319
Kentucky Wesleyan College,KY,842,0.716,46203,0.468
University of Kentucky,KY,24763,0.9294,34391,0.7142
Kentucky Christian University,KY,429,0.6091,40168,0.3667
University of Louisville,KY,14727,0.7941,32941,0.6123
Midway University,KY,1262,0.9514,48805,0.4069
Morehead State University,KY,4578,0.7721,21961,0.5219
Murray State University,KY,6688,0.8568,23485,0.6132
Northern Kentucky University,KY,8246,0.6765,19725,0.5224
Spalding University,KY,583,0.9945,45530,0.5167
Thomas More University,KY,1293,0.9035,49452,0.405
Transylvania University,KY,1005,0.8655,60993,0.7148
Union Commonwealth University,KY,746,0.6315,44322,0.3213
Western Kentucky University,KY,12155,0.9387,24188,0.5556
Centenary College of Louisiana,LA,685,0.5574,60620,0.5621
Dillard University,LA,1063,0.4186,39202,0.4328
Grambling State University,LA,4164,0.4486,25367,0.3616
Louisiana State University at Alexandria,LA,5632,0.9208,15550,0.3422
Louisiana State University and Agricultural & Mechanical College,LA,30594,0.7333,34705,0.6881
Louisiana State University-Shreveport,LA,2153,0.5055,19461,0.3754
Louisiana Christian University,LA,672,0.7719,33791,0.4387
Louisiana Tech University,LA,8312,0.864,24280,0.6382
Loyola University New Orleans,LA,2812,0.9305,64157,0.5903
McNeese State University,LA,5005,0.7827,22810,0.4704
University of New Orleans,LA,4638,0.7431,23431,0.3799
Nicholls State University,LA,4737,0.908,23481,0.538
University of Louisiana at Monroe,LA,5022,0.8475,24932,0.542
Northwestern State University of Louisiana,LA,5519,0.9254,25431,0.432
University of Holy Cross,LA,471,0.7366,27541,0.4857
Franciscan Missionaries of Our Lady University,LA,821,0.987,28490,0.4545
Southeastern Louisiana University,LA,9514,0.9931,23604,0.4541
Southern University and A & M College,LA,5519,0.3512,26341,0.2709
Southern University at New Orleans,LA,1055,0.789,23905,0.1311
University of Louisiana at Lafayette,LA,12428,0.8701,24884,0.5263
Tulane University of Louisiana,LA,7767,0.1398,87004,0.8614
Xavier University of Louisiana,LA,2628,0.6904,40434,0.4855
College of the Atlantic,ME,353,0.7017,58266,0.6829
Bates College,ME,1760,0.1332,83532,0.8969
Bowdoin College,ME,1873,0.0713,85100,0.9528
Colby College,ME,2407,0.0709,85420,0.8879
University of Maine at Farmington,ME,1140,0.9672,25822,0.5154
University of Maine at Fort Kent,ME,599,0.9792,18703,0.3944
University of Maine,ME,8496,0.9664,27328,0.5494
Maine Maritime Academy,ME,942,0.5414,31046,0.5818
University of Maine at Presque Isle,ME,1913,0.9987,19113,0.5155
University of New England,ME,2135,0.9163,63245,0.6835
Maine College of Art & Design,ME,415,0.7606,60128,0.5155
Saint Joseph's College of Maine,ME,964,0.8351,59782,0.6574
University of Southern Maine,ME,4222,0.7923,23717,0.4035
Thomas College,ME,647,0.963,47198,0.5369
University of Baltimore,MD,1133,0.7874,26406,0.3816
Bowie State University,MD,5043,0.7241,25220,0.382
Capitol Technology University,MD,315,0.7435,42471,0.4268
Washington Adventist University,MD,452,0.4618,34309,0.2865
Coppin State University,MD,1844,0.4583,23748,0.2622
Frostburg State University,MD,2909,0.8918,27056,0.4966
Goucher College,MD,964,0.7771,70544,0.5734
Hood College,MD,1194,0.7777,61219,0.569
Johns Hopkins University,MD,5693,0.0644,85947,0.9378
Loyola University Maryland,MD,3869,0.7549,74055,0.7919
University of Maryland-Baltimore County,MD,10701,0.7243,28576,0.7001
University of Maryland-College Park,MD,30760,0.4479,29299,0.8859
Maryland Institute College of Art,MD,1189,0.7679,76860,0.7224
University of Maryland Eastern Shore,MD,2391,0.9641,25941,0.3533
Morgan State University,MD,9019,0.8223,25413,0.4087
Mount St. Mary's University,MD,1768,0.7381,63731,0.6539
Ner Israel Rabbinical College,MD,280,0.6566,26750,0.2353
Notre Dame of Maryland University,MD,709,0.8216,59320,0.5
Salisbury University,MD,6057,0.8747,28310,0.6815
St. Mary's College of Maryland,MD,1603,0.6863,31865,0.6995
St. John's College,MD,471,0.5524,55540,0.7143
Towson University,MD,16136,0.8197,28535,0.6946
Stevenson University,MD,3102,0.7891,58394,0.6849
Washington College,MD,891,0.5689,73314,0.6537
McDaniel College,MD,1617,0.7793,65294,0.6329
Hult International Business School,MA,618,0.6048,79075,0.6667
American International College,MA,1017,0.9957,59270,0.4591
Amherst College,MA,1911,0.0901,87640,0.939
Anna Maria College,MA,906,0.503,61888,0.4623
Assumption University,MA,1669,0.8298,65551,0.7523
Babson College,MA,2728,0.1709,80192,0.9312
Boston Baptist College,MA,19,0.9091,23370,0.1429
Bay Path University,MA,1108,0.852,47308,0.4394
Bentley University,MA,4474,0.4505,79548,0.8679
Berklee College of Music,MA,7468,0.4353,72700,0.6731
Boston College,MA,10085,0.1643,89493,0.9083
Boston University,MA,18248,0.1111,86285,0.8866
Brandeis University,MA,3618,0.405,86448,0.8603
Bridgewater State University,MA,7829,0.8781,26160,0.5341
Clark University,MA,2214,0.3954,68432,0.7694
Curry College,MA,1780,0.8765,64020,0.5112
Dean College,MA,1089,0.7371,64889,0.5359
Emerson College,MA,3870,0.5131,80399,0.7711
Emmanuel College,MA,1854,0.7565,65252,0.6751
Endicott College,MA,3125,0.7121,59328,0.7556
Fisher College,MA,1167,0.7068,53921,0.2775
Fitchburg State University,MA,2752,0.8693,25555,0.5512
Framingham State University,MA,2566,0.8361,27413,0.478
Gordon College,MA,1278,0.6923,42446,0.6854
Hampshire College,MA,839,0.7528,74195,0.5426
Harvard University,MA,7601,0.0365,85540,0.9758
Hellenic College-Holy Cross Greek Orthodox School of Theology,MA,64,0.7963,41282,0.4444
College of the Holy Cross,MA,3106,0.1761,80334,0.8733
Lasell University,MA,1226,0.8122,42434,0.5864
Lesley University,MA,1122,0.9687,51538,0.5802
University of Massachusetts-Lowell,MA,11434,0.8304,30786,0.6482
University of Massachusetts-Amherst,MA,23671,0.5973,34549,0.8326
University of Massachusetts-Boston,MA,11512,0.8378,30544,0.4941
Massachusetts College of Pharmacy and Health Sciences,MA,3451,0.8521,65022,0.6202
Massachusetts College of Art and Design,MA,1831,0.7627,34239,0.6887
Massachusetts Institute of Technology,MA,4535,0.0455,82730,0.9641
Massachusetts Maritime Academy,MA,1395,0.947,31367,0.7406
Merrimack College,MA,3916,0.7002,70038,0.7005
Mount Holyoke College,MA,2169,0.3603,84926,0.8439
The New England Conservatory of Music,MA,393,0.411,81277,0.7339
Nichols College,MA,1163,0.8084,58310,0.6261
Massachusetts College of Liberal Arts,MA,713,0.8974,26026,0.5564
Northeastern University,MA,17326,0.0522,84641,0.9054
College of Our Lady of the Elms,MA,949,0.8526,54027,0.6809
Regis College,MA,956,0.6978,65546,0.7217
Salem State University,MA,4291,0.9588,28291,0.4977
Simmons University,MA,1670,0.6998,63460,0.7234
Smith College,MA,2544,0.21,86030,0.8905
Springfield College,MA,1751,0.7189,60729,0.7419
University of Massachusetts-Dartmouth,MA,5221,0.9064,33485,0.5207
Stonehill College,MA,2528,0.6628,72714,0.76
Suffolk University,MA,4268,0.8233,65281,0.6088
Tufts University,MA,7061,0.1149,88300,0.9351
Wellesley College,MA,2300,0.1405,86290,0.9153
Wentworth Institute of Technology,MA,3747,0.9121,61096,0.6824
Western New England University,MA,2603,0.8348,60262,0.6398
Westfield State University,MA,3615,0.8141,27649,0.5441
Wheaton College (Massachusetts),MA,1773,0.6773,79311,0.7282
Williams College,MA,2076,0.0825,84860,0.9361
Worcester Polytechnic Institute,MA,5447,0.6016,78679,0.8971
Worcester State University,MA,3930,0.8799,22874,0.6145
Adrian College,MI,1604,0.7253,56003,0.4842
Albion College,MI,1300,0.807,69986,0.6159
Alma College,MI,1148,0.5703,63650,0.6287
Andrews University,MI,1224,0.8185,45218,0.7153
Aquinas College,MI,1083,0.8988,51652,0.6536
Baker College,MI,3026,0.8187,24526,0.3583
Calvin University,MI,3193,0.7091,54222,0.7406
Central Michigan University,MI,10035,0.8982,30681,0.5872
Cleary University,MI,738,0.6754,39718,0.4146
Concordia University Ann Arbor,MI,702,0.6925,51853,0.4764
College for Creative Studies,MI,1230,0.9194,66014,0.7061
Davenport University,MI,3134,0.9784,37319,0.5659
University of Detroit Mercy,MI,2438,0.7542,42211,0.672
Eastern Michigan University,MI,10055,0.7964,29640,0.4644
Ferris State University,MI,8106,0.9139,27048,0.4687
Kettering University,MI,1205,0.7867,61250,0.708
Grace Christian University,MI,716,0.9916,26166,0.5104
Cornerstone University,MI,1298,0.7777,42043,0.6187
Grand Valley State University,MI,18854,0.8302,28367,0.6701
Hope College,MI,3288,0.7924,55646,0.7995
Kalamazoo College,MI,1149,0.7532,74208,0.7598
Lawrence Technological University,MI,1668,0.559,58166,0.6058
Madonna University,MI,1632,0.6339,41038,0.6
Rochester Christian University,MI,792,0.9765,41787,0.4412
University of Michigan-Ann Arbor,MI,34177,0.1564,34654,0.932
Michigan State University,MI,40922,0.848,32198,0.8072
Michigan Technological University,MI,5955,0.9243,34152,0.6806
University of Michigan-Dearborn,MI,5952,0.5561,24040,0.5798
University of Michigan-Flint,MI,4411,0.7046,20915,0.4031
Northern Michigan University,MI,6556,0.8402,27841,0.5214
Northwood University,MI,1974,0.6451,48780,0.6332
Oakland University,MI,12351,0.8784,25182,0.5756
The University of Olivet,MI,892,0.8325,47069,0.3527
Kuyper College,MI,145,0.691,38366,0.5
Saginaw Valley State University,MI,5989,0.7207,24936,0.4825
Siena Heights University,MI,1495,0.689,44449,0.3862
Spring Arbor University,MI,1010,0.5152,44703,0.6354
Wayne State University,MI,15587,0.8116,27350,0.5844
Western Michigan University,MI,12568,0.846,29237,0.5757
Augsburg University,MN,2494,0.8198,62303,0.5167
Bemidji State University,MN,3139,0.5598,22744,0.4787
Bethany Lutheran College,MN,669,0.3897,41013,0.5486
Bethel University,MN,1871,0.878,58569,0.7138
Carleton College,MN,2086,0.2041,84893,0.896
Concordia College at Moorhead,MN,1829,0.6265,45942,0.6107
Concordia University-Saint Paul,MN,3018,0.7887,37239,0.459
Martin Luther College,MN,725,0.8717,29250,0.715
Gustavus Adolphus College,MN,1878,0.6099,67613,0.7665
Hamline University,MN,1776,0.8763,58110,0.6045
Macalester College,MN,2131,0.2852,82991,0.871
Minnesota State University-Mankato,MN,11703,0.8844,23995,0.5395
Metropolitan State University,MN,5616,0.9871,25172,0.4357
University of Minnesota-Twin Cities,MN,31855,0.7975,30061,0.8528
University of Minnesota-Crookston,MN,1729,0.8786,26068,0.4976
Minneapolis College of Art and Design,MN,705,0.4848,59972,0.5116
Herzing University-Minneapolis,MN,740,0.9375,26163,0.4667
University of Minnesota-Duluth,MN,7336,0.8875,27680,0.6472
University of Minnesota-Morris,MN,936,0.7493,27039,0.625
Minnesota State University Moorhead,MN,3072,0.5876,25197,0.5732
North Central University,MN,709,0.9898,44475,0.6634
University of Northwestern-St Paul,MN,1442,0.9347,51325,0.6813
College of Saint Benedict,MN,1370,0.9152,68453,0.7712
Saint Cloud State University,MN,5088,0.948,21116,0.4032
Saint Johns University,MN,1395,0.9062,68521,0.7538
Saint Mary's University of Minnesota,MN,1073,0.9278,57380,0.6601
St Olaf College,MN,3093,0.4832,71843,0.84
Crown College,MN,796,0.2278,46598,0.4539
The College of Saint Scholastica,MN,1765,0.9296,55103,0.7053
University of St Thomas,MN,6245,0.8536,66116,0.7638
St Catherine University,MN,2473,0.9185,60476,0.6125
Southwest Minnesota State University,MN,2315,0.6218,24757,0.451
Winona State University,MN,5144,0.7549,23683,0.5694
Alcorn State University,MS,2363,0.4533,23751,0.5736
Belhaven University,MS,1471,0.4975,39793,0.4854
Blue Mountain Christian University,MS,498,0.8895,33197,0.5476
Delta State University,MS,1620,1,22445,0.4806
Jackson State University,MS,4600,0.9315,32415,0.5091
Millsaps College,MS,549,0.43120000000000003,60061,0.5714
University of Mississippi,MS,21473,0.9658,28660,0.7174
Mississippi University for Women,MS,1605,0.9031,22225,0.4677
Mississippi Valley State University,MS,1439,0.9238,21154,0.2676
Mississippi Christian University,MS,2518,0.2911,41214,0.5934
Mississippi State University,MS,18397,0.7764,29267,0.6667
Rust College,MS,467,0.4867,23107,0.1179
University of Southern Mississippi,MS,10075,0.9912,26566,0.4906
Tougaloo College,MS,639,0.5985,24239,0.3311
William Carey University,MS,2201,0.6029,29651,0.5978
Avila University,MO,1312,0.878,50096,0.5238
Calvary University,MO,154,0.7174,23938,0.5217
Central Methodist University-College of Liberal Arts and Sciences,MO,1040,0.5687,43635,0.5123
University of Central Missouri,MO,5648,0.638,22947,0.5408
Cleveland University-Kansas City,KS,95,0.6923,40764,1
Conception Seminary College,MO,40,0.3182,42698,0.5
Cottey College,MO,254,0.6918,39269,0.5625
Culver-Stockton College,MO,807,0.991,44112,0.3916
Drury University,MO,1383,0.5758,48846,0.618
Evangel University,MO,1229,0.7161,39956,0.6503
Hannibal-LaGrange University,MO,410,0.7263,40839,0.5039
Kansas City Art Institute,MO,812,0.5476,57410,0.5797
Lindenwood University,MO,4624,0.5684,35436,0.4933
Logan University,MO,229,0.6429,26928,0.2222
Maryville University of Saint Louis,MO,5658,0.9508,41959,0.6622
Midwestern Baptist Theological Seminary,MO,747,0.964,29080,0.4828
Missouri Baptist University,MO,1488,0.686,49257,0.4758
Missouri Southern State University,MO,3019,0.9703,19568,0.4158
Missouri Valley College,MO,1443,0.6918,37899,0.2244
University of Missouri-Columbia,MO,23929,0.7847,31713,0.7494
University of Missouri-Kansas City,MO,6817,0.7218,25320,0.5546
Missouri University of Science and Technology,MO,5521,0.7255,29231,0.6437
University of Missouri-St Louis,MO,5024,0.6267,31199,0.5664
Truman State University,MO,2513,0.8377,25115,0.6853
Northwest Missouri State University,MO,4378,0.8609,24945,0.5423
Ozark Christian College,MO,602,0.9361,28485,0.6364
College of the Ozarks,MO,1444,0.1199,33734,0.6369
Stevens-The Institute of Business & Arts,MO,89,1,24808,0.1429
Rockhurst University,MO,1580,0.6959,59898,0.7456
Saint Louis University,MO,7267,0.7504,71932,0.7953
University of Health Sciences and Pharmacy in St. Louis,MO,337,0.8984,54802,0.6168
Southwest Baptist University,MO,1341,0.6839,40301,0.5532
Stephens College,MO,391,0.7722,46643,0.4274
Southeast Missouri State University,MO,6373,0.7352,25177,0.5793
Missouri State University-Springfield,MO,13313,0.9053,25048,0.5791
Washington University in St Louis,MO,7857,0.1206,88488,0.9426
Webster University,MO,2304,0.8623,51188,0.6439
Westminster College,MO,638,0.792,51532,0.5549
William Jewell College,MO,924,0.3836,35785,0.6766
William Woods University,MO,1300,0.7096,49094,0.4681
Carroll College,MT,1092,0.7093,55626,0.6929
University of Providence,MT,528,0.5028,43477,0.2794
Montana Technological University,MT,1480,0.9105,22786,0.5824
Montana State University,MT,14451,0.8214,25905,0.5708
The University of Montana,MT,7488,0.9586,23570,0.4796
Rocky Mountain College,MT,840,0.6961,46093,0.4841
The University of Montana-Western,MT,1198,0.9978,21403,0.5125
Clarkson College,NE,622,0.7818,24670,0.4667
Bryan College of Health Sciences,NE,553,0.6737,32845,0.7
Concordia University-Nebraska,NE,1283,0.8572,53292,0.6489
Creighton University,NE,4348,0.7975,63423,0.8336
Doane University,NE,978,0.9801,57836,0.5714
Hastings College,NE,891,0.7165,51422,0.4885
University of Nebraska at Kearney,NE,4088,0.8949,25808,0.5774
Nebraska Methodist College of Nursing & Allied Health,NE,781,0.7341,32835,0.5952
Midland University,NE,1159,0.6612,55719,0.4212
University of Nebraska at Omaha,NE,11488,0.8698,21120,0.4708
Nebraska Wesleyan University,NE,1453,0.7982,53569,0.6612
University of Nebraska-Lincoln,NE,19178,0.8749,26697,0.6697
College of Saint Mary,NE,445,0.4465,35971,0.605
Union Adventist University,NE,471,1,42099,0.5226
York University,NE,428,0.5188,34268,0.5221
University of Nevada-Las Vegas,NV,24622,0.9617,19638,0.5051
University of Nevada-Reno,NV,15599,0.7371,25786,0.61240000000000006
Colby-Sawyer College,NH,771,0.8008,38527,0.5745
Dartmouth College,NH,4541,0.054,87793,0.9554
Franklin Pierce University,NH,992,0.9347,64185,0.5351
New England College,NH,1022,0.9213,59350,0.3451
Southern New Hampshire University,NH,163164,0.9951,40918,0.4283
University of New Hampshire-Main Campus,NH,11261,0.8816,35537,0.7607
Keene State College,NH,2699,0.9033,29993,0.6006
University of New Hampshire at Manchester,NH,443,0.8087,20020,0.5
Plymouth State University,NH,3153,0.8754,29644,0.5203
Rivier University,NH,1231,0.8259,53499,0.5167
Saint Anselm College,NH,2087,0.7805,67213,0.8003
Bloomfield College of Montclair State University,NJ,781,0.6974,42035,0.3811
Caldwell University,NJ,1575,0.7134,54073,0.5749
Centenary University,NJ,910,0.8308,52362,0.5605
Drew University,NJ,1533,0.6783,65301,0.7048
Fairleigh Dickinson University-Metropolitan Campus,NJ,2627,0.9071,50305,0.5332
Fairleigh Dickinson University-Florham Campus,NJ,1990,0.9519,54204,0.6662
Georgian Court University,NJ,1195,0.7884,50671,0.5357
Rowan University,NJ,15841,0.7766,35842,0.6736
New Jersey City University,NJ,3681,0.9838,28255,0.3389
Kean University,NJ,11433,0.759,26949,0.4657
Monmouth University,NJ,3684,0.8902,62904,0.719
Montclair State University,NJ,18376,0.8789,28305,0.6466
New Jersey Institute of Technology,NJ,9019,0.6507,32859,0.7276
Princeton University,NJ,5709,0.0462,84040,0.9761
Rabbinical College of America,NJ,181,0.9515,27300,0.2222
Ramapo College of New Jersey,NJ,4898,0.7064,29483,0.6981
Rider University,NJ,3106,0.7864,55967,0.6133
Rutgers University-Camden,NJ,3753,0.6629,35178,0.6667
Rutgers University-New Brunswick,NJ,37751,0.5815,36993,0.8363
Rutgers University-Newark,NJ,7709,0.7136,35654,0.6375
Saint Peter's University,NJ,2135,0.903,50272,0.5826
Seton Hall University,NJ,6036,0.7326,68263,0.6949
Saint Elizabeth University,NJ,557,0.7103,53075,0.511
Stevens Institute of Technology,NJ,4222,0.4758,79790,0.8688
Stockton University,NJ,7537,0.8894,35139,0.6854
The College of New Jersey,NJ,7105,0.6229,38860,0.8585
William Paterson University of New Jersey,NJ,6614,0.9008,28476,0.4396
Eastern New Mexico University-Main Campus,NM,3357,0.9166,18940,0.4509
Institute of American Indian and Alaska Native Culture and Arts Development,NM,334,0.9747,24854,0.1463
New Mexico Institute of Mining and Technology,NM,995,0.4449,24967,0.5705
University of New Mexico-Main Campus,NM,17244,0.9518,21259,0.5469
New Mexico State University-Main Campus,NM,11946,0.8897,23274,0.5517
Adelphi University,NY,5276,0.6591,63189,0.6715
Albany College of Pharmacy and Health Sciences,NY,481,0.5269,54899,0.6754
Alfred University,NY,1423,0.7384,57445,0.5698
Bard College,NY,2414,0.5212,84553,0.6756
Barnard College,NY,3264,0.0884,89538,0.9302
Canisius University,NY,1685,0.7236,44322,0.6639
Central Yeshiva Tomchei Tmimim Lubavitz,NY,863,0.8743,29697,0.0513
Clarkson University,NY,2196,0.7736,79022,0.7491
Colgate University,NY,3180,0.1388,87070,0.9117
Metropolitan College of New York,NY,402,0.9,34203,0.4
Columbia University in the City of New York,NY,8973,0.0399,89472,0.961
The Cooper Union for the Advancement of Science and Art,NY,842,0.2071,64190,0.8111
Cornell University,NY,15995,0.0876,88140,0.9538
CUNY Bernard M Baruch College,NY,16154,0.4752,14170,0.7212
CUNY Brooklyn College,NY,10543,0.5836,14151,0.5386
College of Staten Island CUNY,NY,9657,0.9234,14795,0.3393
CUNY City College,NY,12505,0.6002,14403,0.5682
CUNY Hunter College,NY,16289,0.538,13905,0.5686
CUNY John Jay College of Criminal Justice,NY,11590,0.5711,14212,0.5583
CUNY Lehman College,NY,10696,0.5658,14121,0.5128
CUNY Medgar Evers College,NY,3233,0.8605,14771,0.1977
CUNY New York City College of Technology,NY,13580,0.8029,14110,0.2147
CUNY Queens College,NY,12550,0.6435,14367,0.5325
CUNY York College,NY,4345,0.641,14330,0.3225
D'Youville  University,NY,1258,0.8137,48539,0.67490000000000006
Daemen University,NY,1643,0.6826,45192,0.5888
Yeshiva of Far Rockaway Derech Ayson Rabbinical Seminary,NY,60,0.92,21150,0.2
Dominican University New York,NY,1105,0.633,47802,0.5251
Elmira College,NY,708,0.7696,52449,0.6471
Five Towns College,NY,547,0.5382,42458,0.5532
Fordham University,NY,10512,0.5931,82762,0.8191
Hamilton College,NY,2030,0.1362,84230,0.9063
Hartwick College,NY,1087,0.696,68614,0.5332
Hilbert College,NY,921,0.972,42114,0.5631
Hobart William Smith Colleges,NY,1786,0.6399,82602,0.7725
Hofstra University,NY,6488,0.6808,70624,0.6854
Houghton University,NY,753,0.8866,31143,0.6522
Iona University,NY,2951,0.8694,60247,0.56
Ithaca College,NY,4242,0.6901,68699,0.7623
Jewish Theological Seminary of America,NY,172,0.4861,85945,0.9032
The Juilliard School,NY,468,0.0915,83892,0.9256
Keuka College,NY,966,0.6808,54760,0.5836
LIM College,NY,1187,0.959,53064,0.5087
Le Moyne College,NY,2439,0.8298,53183,0.7313
Long Island University,NY,5520,0.8616,55424,0.5707
Machzikei Hadath Rabbinical College,NY,131,1,30053,0.3333
Manhattan University,NY,2744,0.7894,64348,0.6371
Manhattan School of Music,NY,539,0.4078,77703,0.7832
Manhattanville University,NY,1362,0.8734,53499,0.5842
Marist University,NY,5182,0.5651,67574,0.796
Marymount Manhattan College,NY,1577,0.8261,65767,0.4904
Mercy University,NY,5735,0.8584,32596,0.4571
Mesivta Torah Vodaath Rabbinical Seminary,NY,399,0.8,21810,0.5
Mesivtha Tifereth Jerusalem of America,NY,51,0.6,18560,0.0667
Molloy University,NY,3162,0.8174,50720,0.6993
Mount Saint Mary College,NY,1148,0.8888,55014,0.6546
University of Mount Saint Vincent,NY,2692,0.8511,54170,0.5683
Nazareth University,NY,1873,0.7472,58254,0.7279
The New School,NY,6563,0.6347,88284,0.6937
New York University,NY,28663,0.0923,84374,0.8757
Niagara University,NY,2653,0.8737,51632,0.7451
New York Institute of Technology,NY,3440,0.8102,56976,0.5877
Pace University,NY,7665,0.7592,69550,0.6003
Paul Smiths College of Arts and Science,NY,579,0.7653,51506,0.5055
Davis College,NY,106,0.5625,24830,0.2667
Pratt Institute-Main,NY,3910,0.7325,80049,0.7354
Rabbinical Academy Mesivta Rabbi Chaim Berlin,NY,141,0.9362,20400,0.4615
Rabbinical Seminary of America,NY,397,0.9845,19700,0.3026
Rensselaer Polytechnic Institute,NY,5714,0.6347,82404,0.8362
Roberts Wesleyan University,NY,1149,0.7063,52919,0.6667
Rochester Institute of Technology,NY,13215,0.6693,74626,0.6989
University of Rochester,NY,6331,0.4008,85962,0.8543
Russell Sage College,NY,1244,0.5326,50607,0.561
St Bonaventure University,NY,2012,0.8165,57271,0.6673
St Lawrence University,NY,1918,0.5434,82000,0.7906
St. Thomas Aquinas College,NY,972,0.9305,53370,0.5404
Sarah Lawrence College,NY,1530,0.6173,82467,0.7133
Siena University,NY,3409,0.6902,64870,0.7473
Skidmore College,NY,2694,0.2105,85270,0.8257
St. Joseph's University-New York,NY,3144,0.7205,41897,0.6878
St. John Fisher University,NY,2565,0.664,55201,0.7417
St. John's University-New York,NY,9477,0.8343,65527,0.6609
SUNY College of Technology at Canton,NY,2741,0.9215,24906,0.3845
SUNY College of Agriculture and Technology at Cobleskill,NY,1904,0.8402,27786,0.4234
Farmingdale State College,NY,9552,0.6329,18966,0.5278
University at Albany,NY,12564,0.691,28802,0.6145
Binghamton University,NY,14655,0.3861,30345,0.8162
University at Buffalo,NY,20112,0.7418,30785,0.7518
Stony Brook University,NY,18101,0.4904,30539,0.7556
SUNY College of Environmental Science and Forestry,NY,1839,0.6328,28133,0.6632
SUNY Polytechnic Institute,NY,1849,0.8135,23741,0.5508
SUNY Brockport,NY,5784,0.7068,26046,0.5513
SUNY Buffalo State University,NY,5097,0.7295,24279,0.3331
State University of New York at Cortland,NY,5901,0.5979,28108,0.6803
SUNY at Fredonia,NY,2755,0.777,25879,0.5021
SUNY College at Geneseo,NY,3869,0.6645,27709,0.7145
State University of New York at New Paltz,NY,6086,0.6161,28428,0.716
SUNY Oneonta,NY,4643,0.696,28821,0.6881
State University of New York at Oswego,NY,5473,0.8055,27052,0.6036
SUNY College at Potsdam,NY,1823,0.777,25083,0.453
SUNY at Purchase College,NY,3197,0.7405,29043,0.6277
SUNY Old Westbury,NY,4162,0.8363,21287,0.4457
State University of New York at Plattsburgh,NY,3769,0.7841,28244,0.5851
SUNY Maritime College,NY,1285,0.7241,29786,0.6439
Syracuse University,NY,15477,0.4592,84517,0.8361
Talmudical Seminary Oholei Torah,NY,400,0.7719,20353,0.2222
Touro University,NY,4040,0.6083,40500,0.7239
Union College,NY,2046,0.4392,84561,0.8039
United States Merchant Marine Academy,NY,962,0.3424,9168,0.8238
Utica University,NY,2278,0.9195,37205,0.5624
Vassar College,NY,2444,0.1857,87419,0.9108
Villa Maria College,NY,603,0.8659,36335,0.3145
School of Visual Arts,NY,3244,0.9264,78051,0.7568
Wagner College,NY,1651,0.88,65574,0.6514
Webb Institute,NY,106,0.1404,81950,0.88
The College of Westchester,NY,759,0.9442,31660,0.3765
Yeshivath Shaar Hatorah,NY,76,0.7222,22150,0.5333
Yeshiva University,NY,2852,0.5562,70892,0.832
Appalachian State University,NC,19444,0.9014,23169,0.7453
Barton College,NC,982,0.942,51935,0.4585
Belmont Abbey College,NC,1276,0.7465,34788,0.4668
Bennett College,NC,178,0.5066,41296,0.25
Brevard College,NC,815,0.4216,47288,0.4884
Campbell University,NC,2680,0.8718,62187,0.6096
Catawba College,NC,1235,0.7521,49516,0.4729
Chowan University,NC,603,0.6879,39027,0.2995
Davidson College,NC,1867,0.1337,79475,0.9107
Duke University,NC,6442,0.0571,87072,0.9678
East Carolina University,NC,19896,0.8921,23867,0.6262
Elizabeth City State University,NC,1975,0.6422,17701,0.4351
Elon University,NC,6452,0.6635,62266,0.8404
Fayetteville State University,NC,5762,0.8215,16652,0.3846
Gardner-Webb University,NC,1856,0.7721,47091,0.5539
Greensboro College,NC,708,0.7014,35165,0.462
Guilford College,NC,1001,0.8,55689,0.4581
High Point University,NC,5129,0.7531,65548,0.737
Johnson C Smith University,NC,1244,0.4521,34923,0.3429
Lees-McRae College,NC,873,0.7678,49498,0.4208
Lenoir-Rhyne University,NC,1359,0.8459,44621,0.4778
Livingstone College,NC,924,0.5925,28305,0.2819
Mars Hill University,NC,1044,0.679,50099,0.4487
Meredith College,NC,1188,0.7418,57313,0.7007
Methodist University,NC,1448,0.7514,55796,0.4351
Montreat College,NC,762,0.692,47133,0.5031
University of Mount Olive,NC,1796,0.7575,38569,0.5178
North Carolina A & T State University,NC,12182,0.499,20427,0.5718
University of North Carolina Asheville,NC,2910,0.9192,21685,0.5448
University of North Carolina at Chapel Hill,NC,20752,0.1534,26055,0.9117
University of North Carolina at Charlotte,NC,24453,0.796,23010,0.6897
University of North Carolina at Greensboro,NC,14062,0.8851,21373,0.5631
North Carolina Central University,NC,6081,0.8696,26556,0.4165
University of North Carolina School of the Arts,NC,945,0.2997,26470,0.7778
North Carolina State University at Raleigh,NC,27371,0.4174,26425,0.8476
North Carolina Wesleyan University,NC,1214,0.8023,49974,0.4197
University of North Carolina Wilmington,NC,14922,0.6424,26547,0.7059
William Peace University,NC,666,0.9425,49362,0.4481
University of North Carolina at Pembroke,NC,5330,0.9326,17261,0.4354
Pfeiffer University,NC,655,0.9603,45542,0.3497
Queens University of Charlotte,NC,1211,0.6208,65742,0.6131
Mid-Atlantic Christian University,NC,132,0.6216,33011,0.2075
Saint Augustine's University,NC,172,0.338,33179,0.25
Salem College,NC,423,0.7667,48532,0.5743
Shaw University,NC,875,0.8016,30861,0.2179
Southeastern Baptist Theological Seminary,NC,585,0.7463,22632,0.5806
Wake Forest University,NC,5485,0.2167,87499,0.8915
Warren Wilson College,NC,707,0.7134,56966,0.42
Wingate University,NC,2668,0.9113,57473,0.4635
Winston-Salem State University,NC,4170,0.7826,23147,0.4668
Western Carolina University,NC,10024,0.8183,19992,0.6026
Dickinson State University,ND,1090,0.3702,20567,0.506
University of Jamestown,ND,1041,0.8808,38013,0.4904
University of Mary,ND,2416,0.753,33672,0.666
Minot State University,ND,2062,0.6462,19339,0.4505
University of North Dakota,ND,9981,0.769,25605,0.6048
North Dakota State University-Main Campus,ND,9471,0.9496,23716,0.6389
Trinity Bible College and Graduate School,ND,141,0.2575,31544,0.4595
Valley City State University,ND,958,0.9907,20468,0.5333
University of Akron Main Campus,OH,9052,0.5967,26284,0.5186
University of Akron Wayne College,OH,457,0.8992,15993,0.1852
Art Academy of Cincinnati,OH,205,0.3449,53879,0.4127
Ashland University,OH,2199,0.764,43434,0.6063
Baldwin Wallace University,OH,2842,0.757,55606,0.6677
Bluffton University,OH,582,0.6723,51862,0.5294
Bowling Green State University-Main Campus,OH,12812,0.8096,33007,0.6373
Capital University,OH,1585,0.7022,57130,0.6027
Case Western Reserve University,OH,6437,0.3654,85851,0.8717
Cedarville University,OH,4024,0.6529,49320,0.7253
Central State University,OH,2620,0.9861,21929,0.2281
The Christ College of Nursing and Health Sciences,OH,713,0.5894,28094,0.5571
University of Cincinnati-Main Campus,OH,29882,0.8529,32171,0.7496
Ohio Christian University,OH,862,0.3797,35017,0.3394
Cleveland Institute of Art,OH,539,0.6135,64587,0.5771
Cleveland Institute of Music,OH,159,0.4731,61212,0.7213
Cleveland State University,OH,8969,0.913,27159,0.5057
Columbus College of Art & Design,OH,882,0.6766,54443,0.556
University of Dayton,OH,7682,0.6545,65881,0.8018
Defiance College,OH,499,0.4755,53667,0.3057
Denison University,OH,2380,0.1739,81900,0.789
The University of Findlay,OH,2223,0.8337,54580,0.5786
Heidelberg University,OH,915,0.8579,47025,0.5198
Hiram College,OH,777,0.9353,40572,0.5451
John Carroll University,OH,2274,0.809,65827,0.7855
Kent State University at Kent,OH,19320,0.8634,30567,0.6372
Kenyon College,OH,1732,0.3103,87590,0.8234
Kettering College,OH,549,0.7654,32839,0.6512
Lake Erie College,OH,852,0.7036,50790,0.3795
Lourdes University,OH,543,0.7413,45378,0.3246
Malone University,OH,798,0.7586,49754,0.4498
Marietta College,OH,952,0.7931,53709,0.6138
Mercy College of Ohio,OH,939,0.9322,30260,0.5581
Miami University-Oxford,OH,16656,0.754,38757,0.7979
Mount Carmel College of Nursing,OH,532,0.8429,21446,0.5385
University of Mount Union,OH,1995,0.782,49276,0.5865
Mount Vernon Nazarene University,OH,1358,0.8415,49858,0.6811
Mount St. Joseph University,OH,1129,0.5912,46719,0.5633
Muskingum University,OH,1376,0.8184,44658,0.5637
Oberlin College,OH,2887,0.3418,87404,0.8089
Ohio Dominican University,OH,760,0.9423,47621,0.4102
Ohio Northern University,OH,2489,0.744,53580,0.7548
Ohio State University-Main Campus,OH,45638,0.6057,30305,0.8772
Ohio University-Main Campus,OH,19633,0.8499,30586,0.6545
Ohio Wesleyan University,OH,1516,0.556,68424,0.5857
Otterbein University,OH,2157,0.8453,48321,0.6788
Rabbinical College Telshe,OH,50,0.8333,25000,0.5263
Franciscan University of Steubenville,OH,2901,0.5836,44580,0.7545
Tiffin University,OH,2051,0.8005,48004,0.3987
University of Toledo,OH,9770,0.9202,26512,0.5704
Ursuline College,OH,670,0.7493,50523,0.6667
Walsh University,OH,1390,0.7074,47575,0.585
Wilberforce University,OH,822,0.405,25676,0.1202
Wilmington College,OH,1006,0.924,43431,0.4727
Wittenberg University,OH,1215,0.7235,57799,0.5269
The College of Wooster,OH,1730,0.5953,75656,0.7394
Wright State University-Main Campus,OH,6762,0.9633,24373,0.4169
Xavier University,OH,4207,0.8641,65476,0.6865
Youngstown State University,OH,7961,0.8445,21708,0.5048
Oklahoma Wesleyan University,OK,673,0.6617,44743,0.3476
University of Central Oklahoma,OK,10170,0.7812,26392,0.3676
East Central University,OK,2467,0.5815,18459,0.3442
Randall University,OK,267,0.5786,26126,0.2639
Northeastern State University,OK,4772,0.9959,21551,0.3536
Northwestern Oklahoma State University,OK,1498,0.6545,18672,0.3035
Oklahoma Christian University,OK,1885,0.9654,39106,0.5551
Oklahoma State University-Main Campus,OK,21773,0.7504,28290,0.6817
Oklahoma Baptist University,OK,1308,0.4941,48695,0.5237
Oklahoma City University,OK,1514,0.7702,47247,0.6488
University of Oklahoma-Norman Campus,OK,22734,0.766,28872,0.7533
Oral Roberts University,OK,3487,0.989,50004,0.5683
University of Science and Arts of Oklahoma,OK,941,0.6582,20662,0.4413
Southeastern Oklahoma State University,OK,3018,0.7643,18594,0.3154
University of Tulsa,OK,2813,0.6151,64459,0.7229
Eastern Oregon University,OR,2172,0.9831,26718,0.43
New Hope Christian College-Eugene,OR,56,0.8,30849,0.5172
George Fox University,OR,2699,0.9351,58644,0.7196
Lewis & Clark College,OR,2120,0.7849,79987,0.7536
Linfield University,OR,1621,0.8517,65935,0.7046
Bushnell University,OR,517,0.6728,47143,0.56
Oregon Institute of Technology,OR,2892,0.9502,27524,0.5378
Oregon State University,OR,30743,0.773,31653,0.7011
University of Oregon,OR,20497,0.883,34793,0.7169
Pacific Northwest College of Art,OR,420,0.7485,70376,0.2913
Pacific University,OR,1516,0.8956,72374,0.6698
Portland State University,OR,13182,0.9087,21590,0.5266
University of Portland,OR,2957,0.8917,73224,0.7984
Reed College,OR,1320,0.2461,86376,0.7147
Southern Oregon University,OR,2751,0.8862,27636,0.4253
Warner Pacific University,OR,375,0.7114,38948,0.4918
Corban University,OR,678,0.939,52019,0.6059
Willamette University,OR,1592,0.7709,67501,0.7124
Western Oregon University,OR,3103,0.981,25062,0.4712
Bryn Athyn College of the New Church,PA,244,0.8294,41093,0.6774
Albright College,PA,1217,0.7633,43711,0.507
Allegheny College,PA,1156,0.5457,71348,0.7255
DeSales University,PA,2128,0.7709,62745,0.722
Alvernia University,PA,2152,0.5806,57565,0.5553
Arcadia University,PA,1948,0.8022,64645,0.6674
Bryn Mawr College,PA,1359,0.2943,83250,0.8179
Bucknell University,PA,3876,0.2893,83756,0.8632
Carlow University,PA,1348,0.8695,49327,0.5992
Carnegie Mellon University,PA,7304,0.1166,83654,0.9413
Cedar Crest College,PA,834,0.8407,57206,0.6039
Chatham University,PA,1232,0.6196,61261,0.6306
Chestnut Hill College,PA,815,0.7446,58168,0.4878
Delaware Valley University,PA,1628,0.9321,59933,0.5591
Dickinson College,PA,2273,0.4209,82902,0.7978
Drexel University,PA,13233,0.7944,76835,0.7816
Duquesne University,PA,5350,0.8356,67776,0.7749
East Stroudsburg University of Pennsylvania,PA,4814,0.9205,27917,0.43120000000000003
Eastern University,PA,2404,0.9077,55001,0.54
Elizabethtown College,PA,1868,0.7787,50865,0.7617
Franklin and Marshall College,PA,1799,0.2819,85776,0.8377
Gannon University,PA,2365,0.7416,52869,0.6636
Gettysburg College,PA,2099,0.389,81960,0.8253
Gwynedd Mercy University,PA,1067,0.8963,55786,0.5688
Haverford College,PA,1430,0.1237,90382,0.8964
Holy Family University,PA,2464,0.7104,40539,0.6091
Immaculata University,PA,1320,0.8576,43979,0.7104
Indiana University of Pennsylvania,PA,6764,0.9077,26898,0.5551
Juniata College,PA,1191,0.7891,71850,0.735
Keystone College,PA,771,0.848,32071,0.3587
King's College,PA,1484,0.9311,57973,0.5989
Kutztown University of Pennsylvania,PA,6180,0.9075,29866,0.5382
La Roche University,PA,751,0.7576,47111,0.5721
La Salle University,PA,1953,0.9659,48337,0.5712
Lafayette College,PA,2757,0.3145,83133,0.8759
Lancaster Bible College,PA,1569,0.5589,44066,0.6667
Lebanon Valley College,PA,1684,0.8377,66497,0.6496
Lehigh University,PA,5898,0.2593,80856,0.8791
Lincoln University,PA,1539,0.6572,28505,0.4355
Lycoming College,PA,996,0.7407,64105,0.5963
Marywood University,PA,1784,0.6058,55582,0.7165
Mercyhurst University,PA,2191,0.8102,59557,0.6017
Messiah University,PA,2259,0.7897,55875,0.7496
Millersville University of Pennsylvania,PA,5728,0.8619,26913,0.5763
Misericordia University,PA,1672,0.7093,53648,0.7171
Moore College of Art and Design,PA,535,0.5646,71327,0.5714
Moravian University,PA,1949,0.5417,65601,0.7169
Mount Aloysius College,PA,1094,0.8205,40435,0.5691
Muhlenberg College,PA,1727,0.7199,77270,0.8223
Neumann University,PA,1533,0.8128,57180,0.5368
Pennsylvania State University-Penn State Erie-Behrend College,PA,3240,0.9683,34081,0.4363
Pennsylvania State University-Penn State New Kensington,PA,416,0.9529,26863,0.2761
Pennsylvania State University-Penn State Shenango,PA,256,0.922,26821,0.4194
Pennsylvania State University-Penn State Wilkes-Barre,PA,313,0.9699,25994,0.2273
Pennsylvania State University-Penn State Scranton,PA,793,0.9852,27862,0.3929
Pennsylvania State University-Penn State Lehigh Valley,PA,859,0.9737,28109,0.1783
Pennsylvania State University-Penn State Altoona,PA,2367,0.9806,32559,0.165
Pennsylvania State University-Penn State Beaver,PA,482,0.9565,26210,0.2174
Pennsylvania State University-Penn State Berks,PA,1872,0.9867,32242,0.3152
Pennsylvania State University-Penn State Harrisburg,PA,4031,0.976,32521,0.2612
Pennsylvania State University-Penn State Brandywine,PA,1223,0.9811,31088,0.2598
Pennsylvania State University-Penn State DuBois,PA,349,0.9712,28530,0.3381
Pennsylvania State University-Penn State Fayette- Eberly,PA,402,0.9547,25154,0.3862
Pennsylvania State University-Penn State Hazleton,PA,501,0.9641,29677,0.2615
Pennsylvania State University-Main Campus,PA,42284,0.6056,39694,0.8609
Pennsylvania State University-Penn State Greater Allegheny,PA,349,0.9647,26214,0.1897
Pennsylvania State University-Penn State Mont Alto,PA,559,0.9821,28841,0.3365
Pennsylvania State University-Penn State Abington,PA,2877,0.9677,28795,0.1975
Pennsylvania State University-Penn State Schuylkill,PA,620,0.9664,30065,0.3188
Pennsylvania State University-Penn State York,PA,668,0.9741,27826,0.1627
Pennsylvania College of Art and Design,PA,400,0.9924,43815,0.6852
University of Pennsylvania,PA,10650,0.054,89028,0.9654
Cairn University-Langhorne,PA,775,0.8817,46233,0.5968
University of Pittsburgh-Bradford,PA,995,0.8854,30478,0.4761
University of Pittsburgh-Greensburg,PA,1305,0.9521,30141,0.397
University of Pittsburgh-Johnstown,PA,1808,0.9484,30349,0.5582
University of Pittsburgh-Pittsburgh Campus,PA,20370,0.5808,38105,0.855
Point Park University,PA,2331,0.9691,52643,0.5854
Robert Morris University,PA,2896,0.8989,51621,0.6569
Rosemont College,PA,486,0.7634,38498,0.5714
Saint Francis University,PA,1557,0.7682,59815,0.7439
Saint Joseph's University - Philadelphia,PA,4948,0.8883,67954,0.7884
Saint Vincent College,PA,1259,0.6173,56752,0.6859
University of Scranton,PA,3554,0.8123,69552,0.7979
Seton Hill University,PA,1492,0.7953,56183,0.6736
Shippensburg University of Pennsylvania,PA,4086,0.865,30785,0.557
Slippery Rock University of Pennsylvania,PA,6788,0.7147,25537,0.6557
Susquehanna University,PA,2163,0.8143,75410,0.8174
Swarthmore College,PA,1613,0.0746,84103,0.9227
Talmudical Yeshiva of Philadelphia,PA,112,0.9024,22680,0.5
Temple University,PA,20970,0.8041,40903,0.7505
Thiel College,PA,788,0.7155,53202,0.4873
Thomas Jefferson University,PA,3755,0.8097,64197,0.6857
Ursinus College,PA,1491,0.9177,76815,0.7328
University of Valley Forge,PA,471,0.612,45422,0.4904
Villanova University,PA,6938,0.2698,84793,0.9186
Washington & Jefferson College,PA,1295,0.8064,42972,0.6952
Waynesburg University,PA,1009,0.8982,44397,0.6554
West Chester University of Pennsylvania,PA,14164,0.784,28394,0.7051
Westminster College,PA,1041,0.9256,53003,0.6455
Widener University,PA,2951,0.7093,70621,0.6832
Wilkes University,PA,1985,0.9064,56765,0.6317
Wilson College,PA,865,0.9211,39344,0.4815
York College of Pennsylvania,PA,3265,0.73740000000000006,37319,0.641
Brown University,RI,7226,0.053900000000000003,87648,0.9569
Bryant University,RI,3194,0.6546,69964,0.7975
Johnson & Wales University-Providence,RI,3868,0.8841,60314,0.5541
Providence College,RI,4229,0.5089,80466,0.8582
Rhode Island College,RI,5049,0.9182,17454,0.4813
University of Rhode Island,RI,13381,0.7216,34321,0.7331
Rhode Island School of Design,RI,2084,0.1866,81727,0.8877
Roger Williams University,RI,3946,0.8771,61950,0.6865
Salve Regina University,RI,2121,0.6817,70630,0.7688
Allen University,SC,576,0.7254,23998,0.1331
Anderson University,SC,3183,0.5471,50192,0.6568
Charleston Southern University,SC,2893,0.9646,44558,0.4724
Benedict College,SC,1536,0.957,32000,0.2426
Southern Wesleyan University,SC,747,0.9953,39914,0.5236
College of Charleston,SC,10558,0.6003,32362,0.6583
Citadel Military College of South Carolina,SC,2705,0.2272,33880,0.75
Claflin University,SC,1706,0.6493,33530,0.516
Clemson University,SC,23300,0.3834,35015,0.8656
Coker University,SC,840,0.9396,45805,0.3953
Columbia International University,SC,716,0.9447,43045,0.4679
Columbia College,SC,1343,0.9393,35258,0.3688
Converse University,SC,1173,0.6774,38838,0.6154
Erskine College,SC,766,0.6274,55248,0.4518
Francis Marion University,SC,2628,0.8639,23850,0.4339
Furman University,SC,2379,0.4295,76798,0.7876
Lander University,SC,3397,0.8131,27277,0.4977
Newberry College,SC,1479,0.8979,46442,0.4514
North Greenville University,SC,1819,0.6667,42034,0.5453
Presbyterian College,SC,852,0.6837,60242,0.5146
University of South Carolina Aiken,SC,2962,0.7854,21540,0.3985
University of South Carolina Beaufort,SC,2052,0.725,24353,0.3399
University of South Carolina-Columbia,SC,29820,0.6015,31638,0.7882
Coastal Carolina University,SC,10377,0.7527,26692,0.4846
South Carolina State University,SC,2934,0.8262,30015,0.3663
University of South Carolina-Upstate,SC,4038,0.6726,25124,0.4304
Winthrop University,SC,3523,0.7925,30710,0.5698
Wofford College,SC,1816,0.5194,72441,0.842
Augustana University,SD,1965,0.6775,55159,0.7297
Black Hills State University,SD,1928,0.9633,21277,0.4263
Dakota State University,SD,2071,0.8805,25753,0.513
Dakota Wesleyan University,SD,670,0.7338,43864,0.4832
Mount Marty University,SD,697,0.4257,48247,0.5238
Northern State University,SD,1273,0.93,22077,0.4894
South Dakota School of Mines and Technology,SD,2071,0.7987,25385,0.5295
South Dakota State University,SD,9198,0.9834,24636,0.6235
University of Sioux Falls,SD,1218,0.8289,34274,0.6291
University of South Dakota,SD,5439,0.9878,24422,0.5991
Austin Peay State University,TN,7560,0.9641,22233,0.4024
Baptist Health Sciences University,TN,770,0.8202,22227,0.398
Belmont University,TN,7137,0.9528,62570,0.7066
Bethel University,TN,1547,0.6023,31203,0.3505
Carson-Newman University,TN,1387,0.9045,49024,0.5324
Christian Brothers University,TN,905,0.867,48038,0.5471
Cumberland University,TN,2104,0.6733,43358,0.4559
Lipscomb University,TN,2997,0.6773,55117,0.7216
East Tennessee State University,TN,10004,0.8619,27042,0.5321
Fisk University,TN,1035,0.3742,39450,0.2993
Freed-Hardeman University,TN,1212,0.5968,38315,0.7078
Johnson University,TN,743,0.6511,34244,0.5677
King University,TN,908,0.9972,49004,0.4787
Le Moyne-Owen College,TN,581,0.9923,19001,0.2703
Lee University,TN,2617,0.7052,35688,0.6259
Lincoln Memorial University,TN,1572,0.6259,41530,0.4966
The University of Tennessee Southern,TN,864,0.8671,24750,0.369
Maryville College,TN,1005,0.6092,54622,0.5
University of Memphis,TN,12701,0.7203,25169,0.5089
Middle Tennessee State University,TN,16301,0.6909,24289,0.537
Rhodes College,TN,1836,0.5035,71136,0.8453
The University of the South,TN,1607,0.569,71986,0.7979
Southern Adventist University,TN,2773,0.655,38618,0.4939
Tennessee Wesleyan University,TN,846,0.6885,39440,0.4759
The University of Tennessee-Chattanooga,TN,10074,0.8109,25489,0.5024
The University of Tennessee-Knoxville,TN,30418,0.416,33678,0.7392
The University of Tennessee-Martin,TN,4866,0.882,23079,0.5254
Tennessee State University,TN,4848,0.7011,25637,0.3399
Tennessee Technological University,TN,8698,0.7613,25663,0.5767
Trevecca Nazarene University,TN,1737,0.6944,41548,0.5315
Tusculum University,TN,785,0.7217,43776,0.2545
Union University,TN,1607,0.6041,58363,0.6596
Vanderbilt University,TN,7208,0.0586,89590,0.9354
Abilene Christian University,TX,3195,0.6603,59256,0.5901
Angelo State University,TX,5643,0.8301,23441,0.4397
Austin College,TX,1165,0.4765,61607,0.6705
Baylor University,TX,14785,0.5128,74226,0.79990000000000006
Concordia University Texas,TX,1185,0.9125,53020,0.446
Texas A & M University-Corpus Christi,TX,8034,0.8858,25210,0.4015
Dallas Baptist University,TX,2403,0.8884,52716,0.5701
Dallas Christian College,TX,224,0.218,34502,0.2857
University of Dallas,TX,1403,0.5344,68583,0.7307
East Texas Baptist University,TX,1352,0.5776,44211,0.4712
Texas A&M University-Texarkana,TX,1982,0.6354,23778,0.2957
East Texas A&M University,TX,9912,0.9224,23438,0.4281
Hardin-Simmons University,TX,1283,0.9,45904,0.4604
Houston Christian University,TX,2886,0.8444,50082,0.4912
University of Houston-Clear Lake,TX,6078,0.9052,24622,0.5163
University of Houston-Downtown,TX,12555,0.8996,20749,0.332
Texas A&M University-Victoria,TX,2513,0.959,21401,0.2638
University of Houston,TX,38380,0.7392,26185,0.6456
Howard Payne University,TX,713,0.6737,46766,0.2798
Huston-Tillotson University,TX,1005,0.3909,25384,0.3394
University of the Incarnate Word,TX,4440,0.9814,48681,0.5098
Lamar University,TX,8150,0.8641,22254,0.3732
Texas A & M International University,TX,6667,0.4437,15558,0.4647
LeTourneau University,TX,1468,0.3801,51124,0.5858
Lubbock Christian University,TX,1252,0.731,41944,0.5136
University of Mary Hardin-Baylor,TX,2759,0.9576,46874,0.4931
McMurry University,TX,1176,0.5704,43778,0.4429
Midwestern State University,TX,4087,0.9352,22652,0.4274
University of North Texas,TX,34341,0.7223,26243,0.6071
The University of Texas Rio Grande Valley,TX,28666,0.9419,16830,0.509
Paul Quinn College,TX,620,0.4028,23587,0.2687
Prairie View A & M University,TX,8877,0.7931,26362,0.432
Rice University,TX,4776,0.08,79788,0.9464
Saint Edward's University,TX,2493,0.8142,66719,0.6259
University of St Thomas,TX,3220,0.8992,45672,0.6877
Sam Houston State University,TX,17743,0.9026,25505,0.5476
Schreiner University,TX,1053,0.882,48004,0.4318
St. Mary's University,TX,1951,0.9776,47999,0.5893
Southern Methodist University,TX,7277,0.6335,85606,0.8427
Nelson University,TX,1479,0.8902,34504,0.4156
Southwestern University,TX,1440,0.4305,67493,0.7279
Stephen F Austin State University,TX,8728,0.9399,25791,0.5333
Texas State University,TX,36177,0.8932,28073,0.5528
Southwestern Adventist University,TX,570,0.7836,35592,0.5234
Sul Ross State University,TX,1396,0.9871,24529,0.2994
Tarleton State University,TX,12673,0.8955,24100,0.4821
Texas A&M University-Kingsville,TX,4748,0.9092,24060,0.4187
Texas A&M University-College Station,TX,59615,0.5743,32696,0.8391
The University of Texas at Arlington,TX,32294,0.799,25261,0.5402
The University of Texas at Austin,TX,42855,0.2664,31247,0.889
The University of Texas at Dallas,TX,21751,0.6513,29807,0.7569
The University of Texas at El Paso,TX,21005,0.9992,19836,0.5017
The University of Texas at Tyler,TX,7440,0.9402,24505,0.5413
Texas Christian University,TX,11026,0.4449,76604,0.8551
Texas Lutheran University,TX,1304,0.9571,50002,0.5385
The University of Texas Permian Basin,TX,3911,0.9489,23886,0.3967
The University of Texas at San Antonio,TX,30580,0.8679,22352,0.5264
Texas Southern University,TX,6844,0.9691,27052,0.2216
Texas Tech University,TX,32394,0.7265,27443,0.6869
Texas Wesleyan University,TX,1741,0.6916,57451,0.3154
Texas Woman's University,TX,8767,0.9612,22234,0.4906
Trinity University,TX,2505,0.2592,68224,0.8397
Wayland Baptist University,TX,2041,0.5596,36323,0.1929
West Texas A & M University,TX,6917,0.9868,23482,0.5504
Brigham Young University,UT,32952,0.6778,22690,0.8098
Brigham Young University-Hawaii,HI,2889,0.4696,25098,0.5264
Southern Utah University,UT,9289,0.8179,19416,0.6067
Utah State University,UT,20272,0.9247,21654,0.5913
University of Utah,UT,27264,0.8598,25557,0.6505
Westminster University,UT,823,0.6657,57616,0.6381
Bennington College,VT,780,0.4453,87284,0.7121
Champlain College,VT,2752,0.8292,65009,0.6523
Middlebury College,VT,2738,0.1075,85880,0.914
Norwich University,VT,2428,0.7444,67357,0.6021
Saint Michael's College,VT,1092,0.8451,69079,0.7277
Sterling College,VT,50,0.6667,54410,0.3158
Vermont State University,VT,3590,0.8167,25988,0.4722
University of Vermont,VT,11743,0.653,35649,0.7859
Averett University,VA,1231,0.5659,53460,0.4814
Bluefield University,VA,614,0.5931,42539,0.1778
Bridgewater College,VA,1400,0.9172,58702,0.5305
William & Mary,VA,7055,0.3407,43035,0.8942
Regent University,VA,4729,0.3812,32838,0.5692
Christopher Newport University,VA,4365,0.8604,33766,0.7164
Emory & Henry University,VA,1078,0.8365,52854,0.5634
Eastern Mennonite University,VA,754,1,56756,0.67
Ferrum College,VA,699,0.8898,54526,0.319
George Mason University,VA,27752,0.8748,28604,0.6784
Hampden-Sydney College,VA,946,0.4092,70325,0.6217
Hampton University,VA,3727,0.6225,46027,0.5716
Hollins University,VA,665,0.6795,58698,0.6465
James Madison University,VA,20888,0.7152,31735,0.7972
Liberty University,VA,50012,0.9898,42025,0.6533
Longwood University,VA,3015,0.9022,34588,0.6123
University of Lynchburg,VA,1577,0.4301,50067,0.5736
University of Mary Washington,VA,3566,0.7978,31137,0.6641
Marymount University,VA,1810,0.9316,57184,0.5351
Norfolk State University,VA,5392,0.8777,26633,0.385
Old Dominion University,VA,17514,0.9036,29446,0.4632
Radford University,VA,6038,0.8953,28405,0.4866
Randolph-Macon College,VA,1639,0.8661,63985,0.7048
Randolph College,VA,658,0.9371,45040,0.4639
University of Richmond,VA,2980,0.222,80961,0.852
Roanoke College,VA,1767,0.8306,54283,0.6736
Shenandoah University,VA,2116,0.7695,51928,0.6682
Southern Virginia University,VA,936,0.9642,34431,0.3347
Sweet Briar College,VA,443,0.7554,43898,0.5182
University of Virginia's College at Wise,VA,1101,0.2854,26593,0.4706
Virginia Polytechnic Institute and State University,VA,30923,0.5478,36951,0.8622
Virginia Commonwealth University,VA,20753,0.9262,38954,0.6318
University of Virginia-Main Campus,VA,17597,0.1681,39926,0.956
Virginia Military Institute,VA,1527,0.7125,34824,0.7621
Virginia State University,VA,5074,0.8863,27661,0.3944
Virginia Union University,VA,1203,0.9799,29075,0.3415
Virginia Wesleyan University,VA,1256,0.7287,51255,0.4164
Washington and Lee University,VA,1881,0.1397,87000,0.9388
Central Washington University,WA,7833,0.9062,28816,0.5361
Eastern Washington University,WA,6222,0.9075,24478,0.4349
The Evergreen State College,WA,2160,0.9637,28477,0.4074
Gonzaga University,WA,5198,0.8169,73178,0.8629
Northwest University,WA,645,0.832,50501,0.7078
Pacific Lutheran University,WA,2401,0.7802,62459,0.6857
University of Puget Sound,WA,1594,0.7225,78378,0.6799
Saint Martin's University,WA,1158,0.898,62449,0.519
Seattle Pacific University,WA,1762,0.834,56826,0.6195
Seattle University,WA,4062,0.7692,72124,0.7551
Washington State University,WA,21099,0.8664,27648,0.605
University of Washington-Seattle Campus,WA,31942,0.3915,32446,0.8518
Western Washington University,WA,13544,0.9325,30359,0.6464
Whitman College,WA,1531,0.3815,78092,0.8052
Whitworth University,WA,1858,0.8978,68516,0.7089
Appalachian Bible College,WV,193,0.7778,31423,0.7105
Bethany College,WV,614,0.5879,50758,0.4682
Bluefield State University,WV,1042,0.9723,21839,0.37
University of Charleston,WV,2259,0.6152,46470,0.4555
Concord University,WV,1504,0.9256,20434,0.3897
Davis & Elkins College,WV,661,0.9433,44888,0.3929
Fairmont State University,WV,2590,0.9862,20018,0.4425
Marshall University,WV,7266,0.9573,22022,0.5123
Shepherd University,WV,2344,0.9678,19601,0.5103
West Virginia State University,WV,1321,0.9596,19772,0.3918
West Liberty University,WV,1511,0.9727,23809,0.5953
West Virginia University Institute of Technology,WV,981,0.3668,18907,0.3296
West Virginia Wesleyan College,WV,954,0.9334,48190,0.5714
West Virginia University,WV,17385,0.89,26415,0.6466
Wheeling University,WV,589,0.6316,42504,0.2333
Alverno College,WI,631,0.8574,51362,0.4918
Bellin College,WI,372,0.9718,42941,0.6304
Beloit College,WI,926,0.6304,71365,0.7105
Carroll University,WI,2523,0.6684,52639,0.707
Carthage College,WI,2660,0.8706,50822,0.6426
Concordia University-Wisconsin,WI,2197,0.782,53315,0.6835
Edgewood University,WI,1107,0.7573,50903,0.6024
Lakeland University,WI,1212,0.8628,48840,0.4245
Lawrence University,WI,1396,0.6394,69849,0.7677
Maranatha Baptist University,WI,541,0.719,37092,0.6357
Marian University,WI,1010,0.7498,44450,0.4416
Marquette University,WI,7660,0.8134,66768,0.8321
Milwaukee Institute of Art & Design,WI,837,0.6054,53528,0.6695
Milwaukee School of Engineering,WI,2654,0.5893,62648,0.6711
Mount Mary University,WI,631,0.6233,49270,0.4296
Ripon College,WI,688,0.7984,63540,0.633
Saint Norbert College,WI,1662,0.8574,59422,0.7129
Viterbo University,WI,1249,0.7243,45558,0.6838
University of Wisconsin-Whitewater,WI,9405,0.8572,18719,0.589
University of Wisconsin-Eau Claire,WI,8895,0.8234,21705,0.6381
University of Wisconsin-Green Bay,WI,6341,0.8859,19366,0.4822
University of Wisconsin-La Crosse,WI,9277,0.755,19593,0.7096
Wisconsin Lutheran College,WI,943,0.7816,48785,0.6357
University of Wisconsin-Oshkosh,WI,6877,0.865,19652,0.4614
University of Wisconsin-Parkside,WI,2844,0.7539,18199,0.404
University of Wisconsin-Stout,WI,5842,0.8767,22797,0.5486
University of Wisconsin-Superior,WI,1807,0.9301,19860,0.4188
University of Wisconsin-Madison,WI,36902,0.452,28679,0.8955
University of Wisconsin-Milwaukee,WI,16758,0.9068,22756,0.4932
University of Wisconsin-Platteville,WI,5837,0.8938,21266,0.5576
University of Wisconsin-River Falls,WI,4205,0.8172,19781,0.57
University of Wisconsin-Stevens Point,WI,7306,0.918,20079,0.5078
University of Wyoming,WY,7944,0.9688,24818,0.5884
Stanford University,CA,7554,0.0361,87833,0.9192
Purdue University-Main Campus,IN,44503,0.4987,24591,0.831
St. John's College,NM,368,0.5315,55824,0.5493
Mid-America Christian University,OK,1666,0.9176,31313,0.4423
Yeshiva Gedolah of Greater Detroit,MI,75,0.9,19682,0.4
New College of Florida,FL,843,0.732,24449,0.6667
California State University-San Marcos,CA,14877,0.951,21649,0.5456
Nossi College of Art and Design,TN,247,0.4631,27710,0.418
Northwest College of Art & Design,WA,139,0.6598,30038,0.5769
University of Washington-Bothell Campus,WA,5457,0.906,26908,0.6532
University of Washington-Tacoma Campus,WA,4185,0.8252,25346,0.6324
Beacon College,FL,506,0.4347,70775,0.6023
Everglades University,FL,2789,0.8145,38913,0.6136
Soka University of America,CA,484,0.4338,55064,0.9182
California State University-Monterey Bay,CA,6819,0.974,26987,0.5909
Messenger College,TX,24,0.375,29881,1
Yeshiva D'monsey Rabbinical College,NY,84,0.3684,20600,0.0625
Arizona College of Nursing-Tempe,AZ,1202,1,38153,0.8889
Eastern International College-Jersey City,NJ,495,0.6963,26182,0.3412
Embry-Riddle Aeronautical University-Worldwide,FL,9139,0.5791,24878,0.2055
Florida Gulf Coast University,FL,13874,0.6344,20807,0.574
University of Connecticut-Waterbury Campus,CT,733,0.8666,22933,0.5273
University of Connecticut-Avery Point,CT,454,0.8818,23337,0.6162
University of Connecticut-Stamford,CT,2432,0.8298,30122,0.5654
The King's University,TX,251,0.6064,18075,0.4737
Oregon State University-Cascades Campus,OR,1044,0.6311,29798,0.5556
Nevada State University,NV,3762,0.8682,23718,0.3358
California State University-Channel Islands,CA,5013,0.9481,23561,0.5132
Franklin W Olin College of Engineering,MA,377,0.252,86474,0.9639
DigiPen Institute of Technology,WA,995,0.6442,55588,0.6095
Beis Medrash Heichal Dovid,NY,206,0.7895,20540,0.5263
University of California-Merced,CA,8372,0.9053,39665,0.6872
Neumont College of Computer Science,UT,453,0.8678,45890,0.627
Ave Maria University,FL,1298,0.4139,46129,0.5394
Ecclesia College,AR,108,0.7381,31571,0.4
Los Angeles College of Music,CA,227,0.8771,49705,0.4127
Harrisburg University of Science and Technology,PA,615,0.8735,35893,0.3387
Georgia Gwinnett College,GA,11344,0.955,22547,0.2147
SUM Bible College and Theological Seminary,CA,198,0.4068,24956,0.8481
Gnomon,CA,294,0.4182,54947,1
Bais Medrash Toras Chesed,NJ,132,0.5765,14000,0.3333
Visible Music College,TN,79,0.2803,31820,0.2286
University of the West,CA,32,1,21278,0.375
Yeshivas Be'er Yitzchok,NJ,90,0.8621,36850,0.1429
Yeshiva Toras Chaim,NJ,227,0.4425,23250,0.3103
Talmudical Seminary of Bobov,NY,602,0.9787,19000,0.3922
Chamberlain University-Illinois,IL,14027,0.8264,40826,0.4167
Chamberlain University-Ohio,OH,257,0.875,42634,0.2857
Chamberlain University-Arizona,AZ,693,0.9091,45594,0.5
Yeshiva of Machzikai Hadas,NY,515,0.7006,35348,0.7375
Providence Christian College,CA,168,1,53447,0.2
University of Minnesota-Rochester,MN,568,0.71,28904,0.574
Chamberlain University-Florida,FL,821,0.9091,37182,0.3333
Herzing University-Kenosha,WI,522,0.92,28414,0.7222
Texas A&M University-San Antonio,TX,6599,0.928,21655,0.4017
Chamberlain University-Virginia,VA,557,0.9,45594,1
Keser Torah-Mayan Hatalmud,NJ,57,1,18900,0.4
John Paul the Great Catholic University,CA,286,0.7963,52367,0.6386
University of Connecticut-Hartford Campus,CT,1525,0.8833,26946,0.6505
Ottawa University-Surprise,AZ,836,0.7815,52170,0.1818
Chamberlain University-Missouri,MO,284,1,38999,1
Chamberlain University-Texas,TX,2270,0.8387,38480,0.25
Criswell College,TX,132,1,27748,0.5
Chamberlain University-Georgia,GA,1940,0.9143,38272,0.5
Bais HaMedrash and Mesivta of Baltimore,MD,87,1,24300,0.3182
Pennsylvania State University-World Campus,PA,7877,0.9115,27678,0.3415
California Miramar University,CA,135,0.1847,19067,0.5
Midwives College of Utah,UT,234,0.8571,45179,0.4
Mid-South Christian College,TN,19,1,19201,0.6
Yeshiva Gedolah Kesser Torah,NY,84,0.5238,18900,0.3478
Yeshiva Yesodei Hatorah,NJ,75,0.8519,24600,0.3636
Augusta University,GA,5613,0.8641,23524,0.4881
Middle Georgia State University,GA,6574,0.9968,19617,0.2533
Veritas Baptist College,IN,111,0.95,24494,0.4286
DeVry College of New York,NY,86,1,25596,0.3077
DeVry University-Georgia,GA,516,1,38315,0.125
DeVry University-New Jersey,NJ,62,1,42312,0.7143
DeVry University-Ohio,OH,210,1,34318,0.3889
University of North Georgia,GA,16146,0.6794,18177,0.3729
Florida Polytechnic University,FL,1689,0.5752,21817,0.5492
Antioch College,OH,121,0.8913,49856,0.4118
University of Florida-Online,FL,4627,0.6126,17843,0.8468
University of North Texas at Dallas,TX,2878,0.8445,20064,0.4164
American College of the Building Arts,SC,155,0.4444,38073,0.6207
Bet Medrash Gadol Ateret Torah,NY,112,0.8889,22488,0.5769
Yeshiva Sholom Shachna,NY,130,1,21750,0.3043
Bethany Global University,MN,81,0.9286,43216,0.5634
Kennesaw State University,GA,41254,0.6919,24008,0.522
Milligan University,TN,818,0.7229,52511,0.6343
Chamberlain University-Nevada,NV,652,0.7647,33051,0.2
Chamberlain University-Michigan,MI,629,0.8571,33910,1
Chamberlain University-New Jersey,NJ,1226,1,38904,0.3333
Arizona College of Nursing-Las Vegas,NV,1222,1,35587,0.8182
Husson University,ME,2618,0.8095,35852,0.5935
Beth Medrash of Asbury Park,NJ,124,0.5385,21110,0.1
Carolina University,NC,460,0.3954,32680,0.2155
Westcliff University,CA,2363,0.7315,44210,0.622
Yeshiva Ohr Naftoli,NY,47,1,21700,0.625
Bais Medrash Mayan Hatorah,NJ,36,0.6842,20700,0.5789
Purdue University Northwest,IN,5671,0.7236,15571,0.4291
Yeshiva Gedolah Tiferes Boruch,NJ,81,0.8929,17600,0.0556
Women's Institute of Torah Seminary and College,MD,118,0.9796,32300,1
Yeshiva Gedolah of Cliffwood,NJ,30,0.7,17850,0.1905
Yeshiva of Ocean,NY,63,0.36,17300,0.6154
Yeshivat Hechal Shemuel,NY,65,1,25480,0.5
Christ Mission College,TX,32,1,18421,0.5
Urshan University,MO,472,0.8378,17175,0.4483
Bais Medrash of Dexter Park,NY,51,0.6923,36000,0.7143
Great Northern University,WA,48,1,28405,0.5
Evangel University-College of Online Learning,MO,240,0.4918,26454,0.5
Commonwealth University of Pennsylvania,PA,9210,0.9309,25161,0.5448
Pennsylvania Western University,PA,7451,0.9433,26916,0.5188
