fiscal_year,state_name,county,congressional_district,program_area,program,zip_code,persistent_poverty_community_status,borrower_name,project_name,investment_type,city,lender_name,funding_code,naics_industry_sector,county_fips,naics_national_industry_code,naics_national_industry,portfolio_type,project_announced_description,investment_dollars,number_of_investments
2025,District of Columbia,District of Columbia,Multiple/Unknown Districts,Business Programs,Rural Business Development Grant (RBDG),20001,Not Persistent Poverty Community,NADO RESEACH FOUNDATION,FY25 RBDG RT FRNAT,Grant Funds,Washington,Not Applicable,RBCS TRANSPORTATION - NATIVE AMERICAN GRANT,Other Services,11001,813219,OTHER GRANTMAKING AND GIVING SERVICES,Commercial,"This Rural Development investment will be used to benefit tribal communities by providing critical technical assistance and project management support for the Shoalwater Bay Indian Tribe Reservation and off reservation trust land, and The Menominee Reservation and off reservation trust land. In addition, the project will help improve transportation access and mobility by conducting outreach to stakeholders to understand mobility needs. The project will support the development of small and emerging private business enterprises in rural areas.",250000,1
2025,District of Columbia,District of Columbia,Multiple/Unknown Districts,Business Programs,Rural Business Development Grant (RBDG),20005,Not Persistent Poverty Community,COMMUNITY TRANSPORTATION ASSOCIATION,FY25 RBDG RT,Grant Funds,Washington,Not Applicable,RBCS RBEG TRANSPORTATION - REGULAR GRANT,Public Administration,11001,926120,REGULATION AND ADMINISTRATION OF TRANSPORTATION PROGRAMS,Commercial,"This Rural Development Investment will be used to provide critical training and technical assistance to rural communities for the purpose of improving passenger transportation services or facilities. The technical assistance provided through this project will help rural communities located in Gates County, North Carolina, Fremont County, Wyoming, Deer River, Minnesota, Ball Club, Itasca County, MN and Leech Lake Band of Ojibwe Reservation located in North- Central Minnesota in Cass and Itasca County.",500000,1
2025,District of Columbia,District of Columbia,Multiple/Unknown Districts,Business Programs,Rural Business Development Grant (RBDG),20005,Not Persistent Poverty Community,COMMUNITY TRANSPORTATION ASSOCIATION,FY25 RBDG RT FRNAT,Grant Funds,Washington,Not Applicable,RBCS TRANSPORTATION - NATIVE AMERICAN GRANT,Public Administration,11001,926120,REGULATION AND ADMINISTRATION OF TRANSPORTATION PROGRAMS,Commercial,"This Rural Development investment will be used to benefit tribal communities by providing critical technical assistance and project management support to increase access to jobs, services, businesses and programs. The tribal communities that will be assisted are the Sitka Tribe of Alaska, Navajo Nation and Pyramid Lake Paiute Tibe.",250000,1
2025,District of Columbia,District of Columbia,Multiple/Unknown Districts,Water and Environmental,Solid Waste Management Grant (WEP),20006,Not Persistent Poverty Community,Rural Community Assistance Partnership,SWM FY25,Grant Funds,Washington,Not Applicable,(WWA PROGRAM AREA) SOLID WASTE GRANT,Utilities,11001,NA,Not Available,Commercial,"This Rural Development initiative will enable Rural Community Assistance Partnership, Incorporated (RCAP), in collaboration with its six regional partners, Communities Unlimited (CU), Great Lakes Community Action Partnership (GLCAP), Midwest Assistance Program (MAP), Rural Community Assistance Corporation (RCAC), RCAP Solutions (RSOL), and Southeast Rural Community Assistance Project (SERCAP), to conduct a national program to provide technical assistance (TA) and training to reduce pollution of water resources and improve planning and management of solid waste sites in rural communities.",914113,1
2025,District of Columbia,District of Columbia,Multiple/Unknown Districts,Water and Environmental,Technical Assistance and Training Grant (WEP),20006,Not Persistent Poverty Community,Rural Community Assistance Partnership,TAT FY25 - Colonias,Grant Funds,Washington,Not Applicable,(WWA PROGRAM AREA) TAT GRANT,Utilities,11001,NA,Not Available,Commercial,This Rural Development investment will be used to provide training and hands-on technical assistance to a minimum of 34 projects benefiting at least 70 Colonias areas. A minimum of five projects will involve systems or arrangements that serve multiple communities and allow them to achieve economies of scale to be more sustainable.,560000,1
2025,District of Columbia,District of Columbia,Multiple/Unknown Districts,Water and Environmental,Technical Assistance and Training Grant (WEP),20006,Not Persistent Poverty Community,Rural Community Assistance Partnership,TAT FY25 - Technitrain,Grant Funds,Washington,Not Applicable,(WWA PROGRAM AREA) TAT GRANT,Utilities,11001,NA,Not Available,Commercial,"This Rural Development investment will be used to provide in-depth on-site Technical Assistance through at least 498 projects nationwide. RCAP will provide Geographic Information System (GIS) services through 36 projects for effective operations, asset management, and emergency response, and present 60 interactive training sessions to 600 system operators, managers, and board members. The project will involve hosting an in-person, multi-day train the trainer workshop. Lastly, the project will share case studies, lessons learned, and best practices to a broad national audience via print and digital media, emphasizing challenges, solutions and success stories in rural America.",8500000,1
2025,District of Columbia,District of Columbia,Multiple/Unknown Districts,Water and Environmental,Technical Assistance and Training Grant (WEP),20006,Not Persistent Poverty Community,Rural Community Assistance Partnership,TAT FY25 - Tribal,Grant Funds,Washington,Not Applicable,(WWA PROGRAM AREA) TAT GRANT,Utilities,11001,NA,Not Available,Commercial,This Rural Development investment will be used to provide on-site technical assistance and training via 14 technical assistance projects to at least 14 rural water and wastewater systems serving large numbers of Tribal members or systems. RCAP will also conduct 14 trainings for Tribal systems or gatherings of Native American Water Masters Associations.,385000,1
2024,District of Columbia,District of Columbia,Multiple/Unknown Districts,Business Programs,Rural Business Development Grant (RBDG),20001,Not Persistent Poverty Community,NADO RESEACH FOUNDATION,FY24 RBDG RT,Grant Funds,Washington,Not Applicable,RBCS RBEG TRANSPORTATION - REGULAR GRANT,Public Administration,11001,926110,ADMINISTRATION OF GENERAL ECONOMIC PROGRAMS,Commercial,"This Rural Development investment will be used to provide technical assistance (TA) and training to rural communities for the purpose of improving passenger transportation services or facilities. The TA provided through this project will help relate USDA-supported work to the priority issue areas identified in the 2024 Notice of Funding Opportunity in the locations of Okolona, Mississippi; Shawano, Wisconsin; and the counties of Abbeville, Laurens, and Saluda in South Carolina.",500000,1
2024,District of Columbia,District of Columbia,Multiple/Unknown Districts,Business Programs,Rural Business Development Grant (RBDG),20001,Not Persistent Poverty Community,NADO RESEACH FOUNDATION,FY24 RBDG RT FRNAT,Grant Funds,Washington,Not Applicable,RBCS TRANSPORTATION - NATIVE AMERICAN GRANT,Public Administration,11001,926110,ADMINISTRATION OF GENERAL ECONOMIC PROGRAMS,Commercial,This Rural Development investment will be used to benefit Tribal communities by providing critical technical assistance and project management support to the Red Lake Nation and the Ute Tribe to improve transportation access and mobility by conducting outreach to stakeholders to understand mobility needs. The project team's support for reliable and affordable transportation options may help businesses fill vacant positions and improve the viability of those businesses. This project will support the development of small and emerging private business enterprises in rural areas.,250000,1
2024,District of Columbia,District of Columbia,Multiple/Unknown Districts,Business Programs,Rural Cooperative Development Grant (RCDG),20006,Persistent Poverty Community,COOPERATIVE DEVELOPMENT FOUNDATION,FY24 RCDG,Grant Funds,"Washington, Dc",Not Applicable,PERSISTENT POVERTY RCDG - RURAL COOPERATIVE DEVELOPMENT GRANTS,Other Services,11001,813990,"OTHER SIMILAR ORGANIZATIONS (EXCEPT BUSINESS, PROFESSIONAL, LABOR, AND POLITICAL ORGANIZATIONS)",Commercial,"This Rural Development Investment will be used to assist with existing and new health care cooperatives in multiple states with enhanced technical assistance capacity, building partnerships that create cooperative solutions, raise awareness of the role cooperatives play in our national economy, host conferences, and compile and analyze data. This will build the capacity of home care worker-owners, extend home care cooperatives in rural area, and foster research and resources to make cooperatives a dominant force in home care.",200000,1
2024,District of Columbia,District of Columbia,Multiple/Unknown Districts,Business Programs,Socially-Disadvantaged Group Grant (SDGG),20006,Not Persistent Poverty Community,COOPERATIVE DEVELOPMENT FOUNDATION,FY24 SDGG,Grant Funds,"Washington, Dc",Not Applicable,SMALL SOCIALLY DISADVANTAGED PRODUCER GRANT,Other Services,11001,813990,"OTHER SIMILAR ORGANIZATIONS (EXCEPT BUSINESS, PROFESSIONAL, LABOR, AND POLITICAL ORGANIZATIONS)",Commercial,"This Rural Development Investment will be used to support both established and emerging women-owned home care cooperatives in six states and several American Indian communities. The work plan is focused on enhancing the skills and self-determination of socially disadvantaged people in rural communities in home health care. The goal of the technical assistance is to help rural home care co-ops remain profitable and expand in the service areas, which include Arizona, Minnesota, Nebraska, New Mexico, Washington, and Wisconsin.",174799,1
2024,District of Columbia,District of Columbia,Multiple/Unknown Districts,Community Facilities,Community Development Grant (CF),20005,Not Persistent Poverty Community,HOUSING ASSISTANCE COUNCIL,FY2024 RCDI,Grant Funds,District Of Columbia,Not Applicable,RCDI RURAL COMMUNITY DEVELOPMENT INITIATIVE GRANT,Other or Not Defined,11001,9,RCDI - TECHNICAL ASSISTANCE CF,Commercial,"This Rural Development investment will be used to address the capacity needs of 22 recipient organizations serving persistent poverty communities, high needs regions, and USDA's key priorities. The Rural Community Development Initiative Grant program will encompass technical assistance and training to increase recipient capacity to create housing, community, and economic development opportunities and bring resources to underserved areas. Activities will include tailored one-on-on technical assistance, such as planning and development of affordable housing, identification, funding, and implementation of community and economic development activities, and assistance on program and project feasibility; access to structured peer-to-peer learning trainings.",500000,1
2024,District of Columbia,District of Columbia,Multiple/Unknown Districts,Community Facilities,Grant (CF),20006,Not Persistent Poverty Community,RURAL COMMUNITY ASSISTANCE PARTNERSHIP,TAT FY23 - TRAINING DISASTER R,Grant Funds,Distric Of Columbia,Not Applicable,CY 2022 DISASTER TAT GRANTS,Other or Not Defined,11001,4,APPALACHIAN REG. COMMISSION GRANT (ARC) - CF,Commercial,"This Rural Development investment will be used to implement a Community Facilities Technical Assistance & Training Disaster Relief Project that will leverage and complement Rural Community Assistance Partnership's (RCAP) successful training programs for environmental and economic development services including but not limited to Community Facilities. This project is anticipated to last an 18-month period beginning March 2024 through August 2025. RCAP in collaboration with five of its multi-state regional partners, provide on-site technical assistance and training to over 20 eligible ultimate recipient communities in up to 16 states and one territory.",250000,1
2024,District of Columbia,District of Columbia,Multiple/Unknown Districts,Water and Environmental,Grant (WEP),20062,Not Persistent Poverty Community,Rural Community Assistance Partnership,CY22 Disaster CRTA,Grant Funds,Washington,Not Applicable,(GRANT ONLY) CY 2022 DISASTER CIRCUIT RIDER TA GRANT,Utilities,11001,NA,Not Available,Commercial,"This Rural Development investment will be used to provide technical assistance to eligible water, wastewater, storm water, and solid waste systems damaged by a Presidentially-declared disaster occurring in Calendar Year 2022.",3430000,1
2024,District of Columbia,District of Columbia,Multiple/Unknown Districts,Water and Environmental,Solid Waste Management Grant (WEP),20006,Not Persistent Poverty Community,Rural Community Assistance Partnership,SWM FY24,Grant Funds,Washington,Not Applicable,(WWA PROGRAM AREA) SOLID WASTE GRANT,Utilities,11001,NA,Not Available,Commercial,"This Rural Development investment will be used to enable Rural Community Assistance Partnership Incorporated (RCAP) and its six regional partners; Communities Unlimited (CU), Great Lakes Community Action Partnership (GLCAP), Midwest Assistance Program (MAP), Rural Community Assistance Corporation (RCAC), RCAP Solutions (RSOL), and Southeast Rural Community Assistance Project (SERCAP), to conduct a national program providing technical assistance (TA) and training to reduce pollution of water resources and improve planning and management of solid waste sites in rural communities.",830000,1
2024,District of Columbia,District of Columbia,Multiple/Unknown Districts,Water and Environmental,Technical Assistance and Training Grant (WEP),20006,Not Persistent Poverty Community,Rural Community Assistance Partnership,TAT FY24 Colonia,Grant Funds,Washington,Not Applicable,(WWA PROGRAM AREA) TAT GRANT,Utilities,11001,NA,Not Available,Commercial,"This Rural Development investment will be used to provide training and hands-on technical assistance to a minimum of 36 projects across four states benefiting at least 77 Colonias areas, which will be selected in consultation with state/area RD offices. A minimum of nine projects will be regional in nature, creating systems or arrangements that serve multiple communities and allow them to achieve economies of scale to be more sustainable.",616000,1
2024,District of Columbia,District of Columbia,Multiple/Unknown Districts,Water and Environmental,Technical Assistance and Training Grant (WEP),20006,Not Persistent Poverty Community,Rural Community Assistance Partnership,TAT FY24 Technitrain,Grant Funds,Washington,Not Applicable,(WWA PROGRAM AREA) TAT GRANT,Utilities,11001,NA,Not Available,Commercial,"This Rural Development investment will be used to provide in-depth on-site Technical Assistance (TA) through at least 660 projects. RCAP will provide Geographic Information System (GIS) services through 60 projects for effective operations, asset management, and emergency response and will be paramount for lead service line inventories and replacement tracking. Serve Manufactured Housing Communities via 30 TA projects. Will present 96 interactive training sessions to system operators, managers, and board members. Will host an in person, multi-day train the trainer workshop. Will share case studies, lessons learned, and best practices to a broad national audience through print/digital media.",8500000,1
2024,District of Columbia,District of Columbia,Multiple/Unknown Districts,Water and Environmental,Technical Assistance and Training Grant (WEP),20006,Not Persistent Poverty Community,Rural Community Assistance Partnership,TAT FY24 Tribal,Grant Funds,Washington,Not Applicable,(WWA PROGRAM AREA) TAT GRANT,Utilities,11001,NA,Not Available,Commercial,This Rural Development investment will be used to provide on-site technical assistance and training via 15 technical assistance projects to at least 15 systems serving large numbers of Tribal members/Tribal systems in at least eight states. RCAP will also conduct 16 trainings for Tribal systems or gatherings of Native American Water Masters Associations (NAWMA).,424000,1
2023,District of Columbia,District of Columbia,Multiple/Unknown Districts,Business Programs,Rural Business Development Grant (RBDG),20001,Not Persistent Poverty Community,NADO RESEACH FOUNDATION,FY23 RBDG RT,Grant Funds,Washington,Not Applicable,RBCS RBEG TRANSPORTATION - REGULAR GRANT,Public Administration,11001,926110,ADMINISTRATION OF GENERAL ECONOMIC PROGRAMS,Commercial,"This Rural Development investment will be used to help NADO partner with the Small Urban, Rural and Tribal Center on Mobility (SURTCOM) and The Northern Tier Regional Planning & Development (NTRPDC). The partnership will provide additional capacity to assist rural communities in improving their passenger transportation and rural development initiatives. The project will consist of overall project management and technical assistance to four regions or communities located in Escambia County, A",500000,1
2023,District of Columbia,District of Columbia,Multiple/Unknown Districts,Business Programs,Rural Business Development Grant (RBDG),20001,Not Persistent Poverty Community,NADO RESEACH FOUNDATION,FY23 RBDG RT FRNAT,Grant Funds,Washington,Not Applicable,RBCS TRANSPORTATION - NATIVE AMERICAN GRANT,Public Administration,11001,926110,ADMINISTRATION OF GENERAL ECONOMIC PROGRAMS,Commercial,"This Rural Development investment will be used to benefit communities around the nation by providing critical information and technical assistance to develop projects that are expected to support regional economies by addressing businesses and residents transportation challenges and concerns. The project team supports reliable and affordable transportation options may help businesses to fill vacant positions and improve the viability of those businesses, particularly in the communities within an",250000,1
2023,District of Columbia,District of Columbia,Multiple/Unknown Districts,Business Programs,Rural Cooperative Development Grant (RCDG),20006,Not Persistent Poverty Community,COOPERATIVE DEVELOPMENT FOUNDATION,FY23 RCDG,Grant Funds,"Washington, Dc",Not Applicable,RURAL COOPERATIVE DEVELOPMENT GRANTS,Other Services,11001,813990,"OTHER SIMILAR ORGANIZATIONS (EXCEPT BUSINESS, PROFESSIONAL, LABOR, AND POLITICAL ORGANIZATIONS)",Commercial,"This Rural Development Investment will be used to provide technical assistance to further the development and execution of a national strategy for rural home care cooperative development. Cooperative Development Foundation is a 79-year-old nonprofit headquartered in Washington, D.C. It specifically targets the home care/elder care population because there is a dire need in rural areas for elder care that is affordable. Additionally, many seniors prefer to stay in their own homes for comfort",200000,1
2023,District of Columbia,District of Columbia,Multiple/Unknown Districts,Business Programs,Socially-Disadvantaged Group Grant (SDGG),20006,Not Persistent Poverty Community,COOPERATIVE DEVELOPMENT FOUNDATION,FY23 SDGG,Grant Funds,"Washington, Dc",Not Applicable,SMALL SOCIALLY DISADVANTAGED PRODUCER GRANT,Other Services,11001,813990,"OTHER SIMILAR ORGANIZATIONS (EXCEPT BUSINESS, PROFESSIONAL, LABOR, AND POLITICAL ORGANIZATIONS)",Commercial,"This Rural Development investment will be used to provide technical assistance to women-owned and particularly Native American-owned home care cooperatives in rural areas. The goal of the technical assistance is to help home care co-ops remain profitable, expand operations, and serve more residents in rural areas in need, despite significant industry challenges. In addition, Cooperative Development Foundation is proposing to continue a partnership initiated in 2020 with Native American agricultu",174946,1
2023,District of Columbia,District of Columbia,Multiple/Unknown Districts,Community Facilities,Community Development Grant (CF),20002,Not Persistent Poverty Community,NEIGHBORHOOD REINVESTMENT CORP,FY2023 RCDI,Grant Funds,Washington,Not Applicable,RCDI RURAL COMMUNITY DEVELOPMENT INITIATIVE GRANT,Other or Not Defined,11001,9,RCDI - TECHNICAL ASSISTANCE CF,Commercial,"This Rural Development investment will be used to provide customized, direct technical assistance to six of Rural Initiative members in the NeighborWorks network. Their program goal is to provide assistance that will benefit most for their specific community and conditions. Additional Funding: $114,000.00 Applicant Districts: [DC 98] Representatives: Holmes Norton, Eleanor (DC 98) Senators: States/Counties: DC/District of Columbia",114000,1
2023,District of Columbia,District of Columbia,Multiple/Unknown Districts,Community Facilities,Community Development Grant (CF),20005,Not Persistent Poverty Community,HOUSING ASSISTANCE COUNCIL,FY2023 RCDI,Grant Funds,District Of Columbia,Not Applicable,RCDI RURAL COMMUNITY DEVELOPMENT INITIATIVE GRANT,Other or Not Defined,11001,9,RCDI - TECHNICAL ASSISTANCE CF,Commercial,"This Rural Development investment will be used to address the capacity needs of 35 recipient organizations serving persistent poverty communities, high needs regions, and USDA's key priorities. Housing Assistance Council's will encompass technical assistance and training to increase recipient capacity to create housing, community, and economic development opportunities and bring resources to underserved areas. Activities will include tailored one-on-on technical assistance. Additional Fundin",500000,1
2023,District of Columbia,District of Columbia,Multiple/Unknown Districts,Community Facilities,Technical Assistance and Training Grant (CF),20001,Not Persistent Poverty Community,NATIONAL RURAL HEALTH ASSOCIATION,2023 RURAL HOSPITAL TECHNICAL,Grant Funds,Washington,Not Applicable,RURAL HOSPITAL PILOT PROGRAM TAT GRANT,Other or Not Defined,11001,7,Not Available,Commercial,"This cooperative agreement will enable Rural Development to work with the National Rural health Association to support access to healthcare for rural communities, businesses, and other organizations, by providing affordable and effective technical assistance that can help rural hospitals better manage their financial and business strategies to improve their financial and operational performance, prevent further hospital closings and strengthen the delivery of healthcare for rural communities.",2000000,1
2023,District of Columbia,District of Columbia,Multiple/Unknown Districts,Water and Environmental,Solid Waste Management Grant (WEP),20006,Not Persistent Poverty Community,Rural Community Assistance Partnership,SWM FY23,Grant Funds,Washington,Not Applicable,(WWA PROGRAM AREA) SOLID WASTE GRANT,Utilities,11001,NA,Not Available,Commercial,This Rural Development investment will be used to provide technical assistance and training to reduce water-resources pollution and improve solid-waste site planning and management in rural communities. The Rural Community Assistance Partnership Inc. (RCAP) will conduct a national program in collaboration with its six regional partners: Communities Unlimited (CU); Great Lakes Community Action Partnership (GLCAP); Midwest Assistance Program (MAP); Rural Community Assistance Corporation (RCAC); RC,805000,1
2023,District of Columbia,District of Columbia,Multiple/Unknown Districts,Water and Environmental,Technical Assistance and Training Grant (WEP),20006,Not Persistent Poverty Community,Rural Community Assistance Partnership,TAT FY23 - Colonias,Grant Funds,Washington,Not Applicable,(WWA PROGRAM AREA) TAT GRANT,Utilities,11001,NA,Not Available,Commercial,"This Rural Development investment will provide training and hands-on technical assistance to a minimum of 38projects benefiting at least 69 Colonias areas. A minimum of 7 projects will be regional in nature, creating systems or arrangements that serve multiple communities and allow them to achieve economies of scale. Projects will provide TA in the following categories: (1) organizational development/technical, managerial, and financial (TMF) capacity building (2) pre-development activities for",616000,1
2023,District of Columbia,District of Columbia,Multiple/Unknown Districts,Water and Environmental,Technical Assistance and Training Grant (WEP),20006,Not Persistent Poverty Community,Rural Community Assistance Partnership,TAT FY23 Technitrain,Grant Funds,Washington,Not Applicable,(WWA PROGRAM AREA) TAT GRANT,Utilities,11001,NA,Not Available,Commercial,"This Rural Development investment will be used to provide in-depth on-site TA through at least 558 projects, provide Geographic Information System services through 48 projects, help systems to inventory assets and develop system maps, which will also be paramount for lead service line inventories and replacement tracking. RCAP will also present 96 interactive training sessions to at least 960 attendees, and develop two new training modules for administrative professionals/clerks. Additional Fund",8500000,1
2023,District of Columbia,District of Columbia,Multiple/Unknown Districts,Water and Environmental,Technical Assistance and Training Grant (WEP),20006,Not Persistent Poverty Community,Rural Community Assistance Partnership,TAT FY23 Tribal,Grant Funds,Washington,Not Applicable,(WWA PROGRAM AREA) TAT GRANT,Utilities,11001,NA,Not Available,Commercial,"This Rural Development initiative will be used to provide on-site technical assistance and training via 21 technical assistance projects to at least 21 systems serving large numbers of Tribal members/Tribal systems in at least 10 states, selected in consultation with state USDA offices and other federal agencies, as appropriate. RCAP will also convene 22 trainings for Tribal systems or gatherings of Native American Water Masters Associations (NAWMA). NAWMA goal is to bring Tribal operators toget",550000,1
2022,District of Columbia,District of Columbia,Multiple/Unknown Districts,Business Programs,Rural Business Development Grant (RBDG),20001,Not Persistent Poverty Community,NADO RESEACH FOUNDATION,FY22 RBDG RT,Grant Funds,Washington,Not Applicable,RBCS RBEG TRANSPORTATION - REGULAR GRANT,Public Administration,11001,926110,ADMINISTRATION OF GENERAL ECONOMIC PROGRAMS,Commercial,"This Rural Development investment will be used to support technical assistance for rural transportation systems in Southeast Alaska; LaBelle, Florida; and Coos County, New Hampshire.",499955,1
2022,District of Columbia,District of Columbia,Multiple/Unknown Districts,Business Programs,Rural Business Development Grant (RBDG),20001,Not Persistent Poverty Community,NADO RESEACH FOUNDATION,FY22 RBDG RT FRNAT,Grant Funds,Washington,Not Applicable,RBCS TRANSPORTATION - NATIVE AMERICAN GRANT,Public Administration,11001,926110,ADMINISTRATION OF GENERAL ECONOMIC PROGRAMS,Commercial,"This Rural Development investment will be used to support technical assistance for rural transportation systems on Table Bluff Reservation in Loleta, California.",250000,1
2022,District of Columbia,District of Columbia,Multiple/Unknown Districts,Business Programs,Rural Cooperative Development Grant (RCDG),20006,Not Persistent Poverty Community,COOPERATIVE DEVELOPMENT FOUNDATION,FY 22 RCDG,Grant Funds,"Washington, Dc",Not Applicable,RURAL COOPERATIVE DEVELOPMENT GRANTS,Other Services,11001,813910,BUSINESS ASSOCIATIONS,Commercial,"This Rural Development investment will be used by the Cooperative Development Foundation located in Washington, DC. Funds will be utilized to further the development and execution of a national strategy for rural home health care cooperative development and support CDFs long-standing commitment to providing accessible and healthy food in rural communities through its work with rural food cooperatives. In addition, funds will be utilized for a new project, which will investigate the potential for cooperative housing as a solution to the affordable housing shortage in rural communities. The Cooperative Development Foundation serves at the national level, working with local partners to create cooperative solutions.",199292,1
2022,District of Columbia,District of Columbia,Multiple/Unknown Districts,Business Programs,Socially-Disadvantaged Group Grant (SDGG),20006,Not Persistent Poverty Community,COOPERATIVE DEVELOPMENT FOUNDATION,FY 2022 SDGG,Grant Funds,"Washington, Dc",Not Applicable,SMALL SOCIALLY DISADVANTAGED PRODUCER GRANT,Other Services,11001,813990,"OTHER SIMILAR ORGANIZATIONS (EXCEPT BUSINESS, PROFESSIONAL, LABOR, AND POLITICAL ORGANIZATIONS)",Commercial,"This Rural Development investment will be used to further the development and execution of a national strategy for rural home care cooperative development. This includes support to further the work of the Native American Agriculture Fund (NAAF) to explore the potential for cooperatives to build a more just and effective food system for Indian Country. Cooperative Development Foundation serves at the national level, working with local partners to create cooperative solutions.",175000,1
2022,District of Columbia,District of Columbia,Multiple/Unknown Districts,Community Facilities,Community Development Grant (CF),20005,Not Persistent Poverty Community,HOUSING ASSISTANCE COUNCIL,FY 2022 RCDI,Grant Funds,District Of Columbia,Not Applicable,RCDI RURAL COMMUNITY DEVELOPMENT INITIATIVE GRANT,Other or Not Defined,11001,9,RCDI - TECHNICAL ASSISTANCE CF,Commercial,Detailed Project Description Not Available,250000,1
2022,District of Columbia,District of Columbia,Multiple/Unknown Districts,Community Facilities,Community Development Grant (CF),20005,Not Persistent Poverty Community,NATIONAL ALLIANCE FOR PUBLIC CHARTER SCHOOLS,2022 RCDI GRANT,Grant Funds,Washington,Not Applicable,RCDI RURAL COMMUNITY DEVELOPMENT INITIATIVE GRANT,Other or Not Defined,11001,9,RCDI - TECHNICAL ASSISTANCE CF,Commercial,Detailed Project Description Not Available,250000,1
2022,District of Columbia,District of Columbia,Multiple/Unknown Districts,Community Facilities,Technical Assistance and Training Grant (CF),20001,Not Persistent Poverty Community,NATIONAL RURAL HEALTH ASSOCIATION,RURAL HOSPITAL TECHNICAL ASSIS,Grant Funds,Washington,Not Applicable,RURAL HOSPITAL PILOT PROGRAM TAT GRANT,Other or Not Defined,11001,7,Not Available,Commercial,"This Rural Development investment will be used to assist residents of rural areas, businesses, and other organizations and professionals in the rural health sector by providing affordable and effective technical assistance. This project will help rural hospitals better manage their financial and business strategies to improve their key performance and operational performance, prevent further hospital closings and strengthen the delivery of health care for rural communities.",2000000,1
2022,District of Columbia,District of Columbia,Multiple/Unknown Districts,Community Facilities,Technical Assistance and Training Grant (CF),20005,Not Persistent Poverty Community,NATIONAL ALLIANCE FOR PUBLIC CHARTER SCHOOLS,2022 CF TAT GRANT,Grant Funds,Washington,Not Applicable,CF TAT GRANT (SECTION 6006),Other or Not Defined,11001,4,APPALACHIAN REG. COMMISSION GRANT (ARC) - CF,Commercial,"This Rural Development investment will be used to provide direct technical assistance and training to rural charter schools engaged in the community development process. This includes those who are prospective borrowers to USDA funding programs such as Community Facilities. As charter schools often identify facility needs as their largest challenge, and the USDA Community Facilities loans have the most favorable financing terms, prospective charter schools need greater awareness of the opportunities offered by USDA. The schools that have used Community Facility financing the most are located in North Carolina, Utah, Hawaii and Delaware, so the National Alliance for Public Charter Schools aims to extend this reach to the rural areas in other states. This funding will allow the National Alliance for Public Charter Schools to address gaps in awareness and capacity and move towards a successful future by assisting with pre-applications, applications, and financial feasibility studies. The ultimate recipients for this year are as follows: Academy of Seminole, Charlton Heston Academy, Clarksdale Collegiate, Copper Island Academy, Kanuikapono, Leflore Legacy, Robert Frost Public Charter School, Roots and Wings Community School, Southwest Open, and Yuba River Charter School.",150000,1
2022,District of Columbia,District of Columbia,Multiple/Unknown Districts,Water and Environmental,Solid Waste Management Grant (WEP),20006,Not Persistent Poverty Community,Rural Community Assistance Partnership,Solid Waste Management Grant FY2022,Grant Funds,Washington,Not Applicable,(WWA PROGRAM AREA) SOLID WASTE GRANT,Utilities,11001,NA,Not Available,Commercial,Detailed Project Description Not Available,833300,1
2022,District of Columbia,District of Columbia,Multiple/Unknown Districts,Water and Environmental,Technical Assistance and Training Grant (WEP),20006,Not Persistent Poverty Community,Rural Community Assistance Partnership,TAT FY22 - Colonias,Grant Funds,Washington,Not Applicable,(WWA PROGRAM AREA) TAT GRANT,Utilities,11001,NA,Not Available,Commercial,"This Rural Development initiative will be used to provide on-site technical assistance to at least 39 projects benefitting more than 12 Priority 1 and 2 Colonia areas. At least eight projects will be regional. RCAP will develop a pipeline of Colonia water and wastewater projects, secure engineering, legal and other professional services, assist with organizational (and regional) creation, and with preparation of loan and grant applications.",676000,1
2022,District of Columbia,District of Columbia,Multiple/Unknown Districts,Water and Environmental,Technical Assistance and Training Grant (WEP),20006,Not Persistent Poverty Community,Rural Community Assistance Partnership,TAT FY22 - Technitrain,Grant Funds,Washington,Not Applicable,(WWA PROGRAM AREA) TAT GRANT,Utilities,11001,NA,Not Available,Commercial,Detailed Project Description Not Available,8500000,1
2022,District of Columbia,District of Columbia,Multiple/Unknown Districts,Water and Environmental,Technical Assistance and Training Grant (WEP),20006,Not Persistent Poverty Community,Rural Community Assistance Partnership,TAT FY22 - Tribal,Grant Funds,Washington,Not Applicable,(WWA PROGRAM AREA) TAT GRANT,Utilities,11001,NA,Not Available,Commercial,Detailed Project Description Not Available,464700,1
2021,District of Columbia,District of Columbia,Multiple/Unknown Districts,Business Programs,Rural Business Development Grant (RBDG),20001,Not Persistent Poverty Community,NADO RESEACH FOUNDATION,FY21 RBDG RT,Grant Funds,Washington,Not Applicable,RBCS RBEG TRANSPORTATION - REGULAR GRANT,Other or Not Defined,11001,11,"AGRICULTURE, FORESTRY, FISHING AND HUNTING",Commercial,"This Rural Development grant investment will be used to provide technical assistance and training to rural areas to improve passenger transportation services or facilities. Funds will primarily be focused on projects in Missouri (Dade County); Michigan (Houghton); New Mexico (Grant County); and Southern Georgia (Atkinson, Bacon, Ben Hill, Clinch, Irwin, Turner, Ware, Berrien, Brantley, Brooks, Charlton, Coffee, Cook, Echols, Lanier, Pierce, and Tift Counties).",480524,1
2021,District of Columbia,District of Columbia,Multiple/Unknown Districts,Business Programs,Rural Business Development Grant (RBDG),20001,Not Persistent Poverty Community,NADO RESEACH FOUNDATION,FY21 RBDG RT FRNAT,Grant Funds,Washington,Not Applicable,RBCS TRANSPORTATION - NATIVE AMERICAN GRANT,Other or Not Defined,11001,11,"AGRICULTURE, FORESTRY, FISHING AND HUNTING",Commercial,This Rural Development grant investment will be used to provide technical assistance and training to rural areas to improve passenger transportation services or facilities operated by Federally Recognized Native American Tribes. Funds will primarily be focused on White Earth Reservation in Minnesota.,228324,1
2021,District of Columbia,District of Columbia,Multiple/Unknown Districts,Business Programs,Rural Cooperative Development Grant (RCDG),20006,Not Persistent Poverty Community,COOPERATIVE DEVELOPMENT FOUNDATION,FY21 RCDG RURAL HOME CARE,Grant Funds,Washington,Not Applicable,RURAL COOPERATIVE DEVELOPMENT GRANTS,Other Services,11001,813211,GRANTMAKING FOUNDATIONS,Commercial,"This Rural Development investment will be used to help the Cooperative Development Foundation preserve and enhance their ability to deliver technical assistance through research, outreach, and education. These grant funds will be used to expand home care cooperatives in rural areas through cooperative development with the objective of improving economic conditions and strengthening communities.",199572,1
2021,District of Columbia,District of Columbia,Multiple/Unknown Districts,Business Programs,Socially-Disadvantaged Group Grant (SDGG),20006,Persistent Poverty Community,COOPERATIVE DEVELOPMENT FOUNDATION,FY21 SDGG TECHNICAL ASSISTANCE,Grant Funds,Washington,Not Applicable,PERSISTENT POVERTY GRANTS TO ASSIST MINORITY PRODUCERS,Public Administration,11001,92611,ADMINISTRATION OF GENERAL ECONOMIC PROGRAMS,Commercial,"This Rural Development investment will be used to provide technical assistance that focuses on the development and execution of a national strategy for rural home care cooperative development. Cooperative Development Foundations mission is to promote community, economic, and social development through cooperative enterprise, its headquarters is located in Washington, DC.",174016,1
2021,District of Columbia,District of Columbia,Multiple/Unknown Districts,Community Facilities,Community Development Grant (CF),20002,Not Persistent Poverty Community,"REBUILDING TOGETHER, INC.",RCDI 2021,Grant Funds,Washington,Not Applicable,RCDI RURAL COMMUNITY DEVELOPMENT INITIATIVE GRANT,Other or Not Defined,11001,9,RCDI - TECHNICAL ASSISTANCE CF,Commercial,Detailed Project Description Not Available,105458,1
2021,District of Columbia,District of Columbia,Multiple/Unknown Districts,Community Facilities,Community Development Grant (CF),20005,Not Persistent Poverty Community,NATIONAL ALLIANCE FOR PUBLIC CHARTER SCHOOLS,2021 RCDI GRANT,Grant Funds,Washington,Not Applicable,RCDI RURAL COMMUNITY DEVELOPMENT INITIATIVE GRANT,Other or Not Defined,11001,10,RCDI - TECHNICAL ASSISTANCE ECONOMIC DEVELOPMENT,Commercial,Detailed Project Description Not Available,50000,1
2021,District of Columbia,District of Columbia,Multiple/Unknown Districts,Community Facilities,Community Development Grant (CF),20250,Not Persistent Poverty Community,HOUSING ASSISTANCE COUNCIL,FY2021 RCDI,Grant Funds,Washington,Not Applicable,RCDI RURAL COMMUNITY DEVELOPMENT INITIATIVE GRANT,Other or Not Defined,11001,8,RCDI - TECHNICAL ASSISTANCE HOUSING,Commercial,Detailed Project Description Not Available,250000,1
2021,District of Columbia,District of Columbia,Multiple/Unknown Districts,Community Facilities,Grant (CF),20001,Not Persistent Poverty Community,NATIONAL RURAL HEALTH ASSOCIATION,RURAL HOSPITAL PROGRAM,Grant Funds,Washington,Not Applicable,CF RURAL HOSPITAL PILOT PROGRAM GRANTS,Other or Not Defined,11001,7,Not Available,Commercial,"This Rural Development investment will be used to establish a cooperative agreement that will assist rural residents, businesses and other organizations and professionals in the rural health sector by providing affordable and effective technical assistance that can help rural hospitals better manage their financial and business strategies to improve their financial and operational performance, prevent further hospital closings and strengthen the delivery of healthcare for rural communities.",2000000,1
2021,District of Columbia,District of Columbia,Multiple/Unknown Districts,Community Facilities,Technical Assistance and Training Grant (CF),20005,Not Persistent Poverty Community,HOUSING ASSISTANCE COUNCIL,2021 CF TAT,Grant Funds,Washington,Not Applicable,CF TAT GRANT (SECTION 6006),Other or Not Defined,11001,4,APPALACHIAN REG. COMMISSION GRANT (ARC) - CF,Commercial,"This Rural Development investment will be used by the Housing Assistance Council to assist the ultimate recipients in capital development by incorporating direct technical assistance to non-profits, particularly in the areas of identifying, utilizing, and applying for financial resources and identifying and engaging community stakeholders and partners. The purpose of the grant is to identify and transform space in the community to a facility that benefits all, such as a community center, library, childcare center or clinic. The Housing Assistance Council works across the nation in rural areas that may be susceptible to isolation, lack of access to jobs, capital, healthcare, and infrastructure, and a high percentage of opioid abuse. They type of technical and training assistance they provide includes Community Facilities Capacity Enrichment, Organizational Assessments, Organizational and Financial Management, Project Feasibility, Community Outreach, Development Budget, and Project Financing. This funding is augmented by a grant in 2020 for $150,000 that is currently being carried out.",147306,1
2021,District of Columbia,District of Columbia,Multiple/Unknown Districts,Community Facilities,Technical Assistance and Training Grant (CF),20005,Not Persistent Poverty Community,NATIONAL ALLIANCE FOR PUBLIC CHARTER SCHOOLS,2021 CF TAT,Grant Funds,Washington,Not Applicable,CF TAT GRANT (SECTION 6006),Other or Not Defined,11001,4,APPALACHIAN REG. COMMISSION GRANT (ARC) - CF,Commercial,"This Rural Development investment will be used by the Charter School Facility Center at the National Alliance for Public Charter Schools to provide direct technical assistance and training to rural charter schools engaged in the community development process. This includes those who are prospective borrowers to USDA funding programs such as Community Facilities. As charter schools often identify facilities needs as their largest challenge, and the USDA Community Facilities loans have the most favorable financing terms, prospective charter schools need greater awareness of the opportunities offered by USDA. The schools that have used Community Facility financing the most are located in North Carolina, Utah, Hawaii and Delaware, so the National Alliance for Public Charter Schools aims to extend this reach to the rural areas in other states. This funding will allow the National Alliance for Public Charter Schools to address gaps in awareness and capacity and move towards a successful future by assisting with pre-applications, applications, and financial feasibility studies.",64241,1
2021,District of Columbia,District of Columbia,Multiple/Unknown Districts,Water and Environmental,Solid Waste Management Grant (WEP),20006,Not Persistent Poverty Community,Rural Community Assistance Partnership,SWM FY2021,Grant Funds,Washington,Not Applicable,(WWA PROGRAM AREA) SOLID WASTE GRANT,Utilities,11001,NA,Not Available,Commercial,This Rural Development investment will be used to conduct a national program to provide technical assistance and training to reduce pollution of water resources and improve planning and management of solid waste sites in rural communities.,848500,1
2021,District of Columbia,District of Columbia,Multiple/Unknown Districts,Water and Environmental,Technical Assistance and Training Grant (WEP),20006,Not Persistent Poverty Community,Rural Community Assistance Partnership,TAT FY21 Technitrain,Grant Funds,Washington,Not Applicable,(WWA PROGRAM AREA) TAT GRANT,Utilities,11001,NA,Not Available,Commercial,"This Rural Development investment will be used to provide in-depth on-site technical assistance for at least 720 projects, serving at least 710 small systems that will be selected in consultation with state and area USDA Rural Development (RD) offices. Of those 720 projects, RCAP will identify 24 projects with systems that have previously attended RCAP Workshop in a Box training and provide follow-up technical assistance based on the action plans created within those workshops. RCAP will also provide Geographic Information System services through 54 projects as an additional technical assistance activity. RCAP will help systems inventory assets and develop system maps, which are the cornerstone of effective asset management and emergency response. RCAP will also present 132 interactive training sessions to at least 1,100 attendees including system operators, managers, and board members, focusing on topics including sustainable utility management/Workshop in a Box, board roles and responsibilities, rate setting, asset management, and emerging contaminants including PFAS. In addition, RCAP is proposing to develop one innovative, blended self-paced e-learning modules on a key managerial and financial topic to help systems move toward sustainability. RCAP is also proposing to deliver two national webinars on similarly important managerial and financial topics which may include regional utility partnerships.",9043000,1
2021,District of Columbia,District of Columbia,Multiple/Unknown Districts,Water and Environmental,Technical Assistance and Training Grant (WEP),20006,Not Persistent Poverty Community,Rural Community Assistance Partnership,TATFY20 Colonias,Grant Funds,Washington,Not Applicable,(WWA PROGRAM AREA) TAT GRANT,Utilities,11001,NA,Not Available,Commercial,Detailed Project Description Not Available,820000,1
2021,District of Columbia,District of Columbia,Multiple/Unknown Districts,Water and Environmental,Technical Assistance and Training Grant (WEP),20006,Not Persistent Poverty Community,Rural Community Assistance Partnership,TATFY21 Colonias,Grant Funds,Washington,Not Applicable,(WWA PROGRAM AREA) TAT GRANT,Utilities,11001,NA,Not Available,Commercial,"This Rural Development investment will be used to provide training and hands-on technical assistance to a minimum of 40 projects in four states benefiting up to 70 Colonias areas. A minimum of five projects will be ""regional"" in nature, creating systems or arrangements that serve multiple communities and allow them to achieve economies of scale. Projects will provide technical assistance in organizational development and technical, managerial, and financial capacity; pre-development activities for infrastructure project development; funding applications to USDA RD and other sources for planning, design and construction of water and/or wastewater facilities for first-time services and upgrading existing systems; and regulatory compliance and/or regionalization.",742000,1
2021,District of Columbia,District of Columbia,Multiple/Unknown Districts,Water and Environmental,Technical Assistance and Training Grant (WEP),20006,Not Persistent Poverty Community,Rural Community Assistance Partnership,TATFY21 Tribal,Grant Funds,Washington,Not Applicable,(WWA PROGRAM AREA) TAT GRANT,Utilities,11001,NA,Not Available,Commercial,"This Rural Development investment will be used to provide on-site technical assistance and training to at least 20 systems serving large numbers of tribal members (tribal systems) in at least 10 states. They will be selected in consultation with state RD offices and other federal agencies, as appropriate. RCAP will also convene 28 trainings for tribal systems or gatherings of Native American Water Masters Associations (NAWMA). NAWMAs goal is to bring tribal operators together regularly to share their common water/wastewater challenges, receive related training, promote operator advancement, and build capacity to create stronger utilities.",465164,1
2020,District of Columbia,District of Columbia,Multiple/Unknown Districts,Business Programs,Rural Business Development Grant (RBDG),20001,Not Persistent Poverty Community,NADO RESEACH FOUNDATION,FY20 RBDG RT,Grant Funds,Washington,Not Applicable,RBCS RBEG TRANSPORTATION - REGULAR GRANT,Public Administration,11001,926110,ADMINISTRATION OF GENERAL ECONOMIC PROGRAMS,Commercial,"This Rural Development investment will be used to provide technical assistance and training in rural communities for the purpose of improving passenger transportation services and facilities. National Association of Development Organizations (NADO) Research Foundation, a national non-profit organization, will provide assistance and training to rural regions in Kentucky and New Mexico. The project is expected to deliver improved access to transportation services for the identified rural regions, which will allow improved access to healthcare, education and jobs.",465000,1
2020,District of Columbia,District of Columbia,Multiple/Unknown Districts,Business Programs,Rural Cooperative Development Grant (RCDG),20006,Not Persistent Poverty Community,COOPERATIVE DEVELOPMENT FOUNDATION,FY 20 HOME CARE AND LOCAL FOOD,Grant Funds,Washington,Not Applicable,RURAL COOPERATIVE DEVELOPMENT GRANTS,Public Administration,11001,926110,ADMINISTRATION OF GENERAL ECONOMIC PROGRAMS,Commercial,Rural Development funds will be used to provide technical assistance to develop and execute a national strategy for rural home care cooperative development.,199956,1
2020,District of Columbia,District of Columbia,Multiple/Unknown Districts,Business Programs,Rural Microentrepreneur Assistance Program (RMAP),20005,Not Persistent Poverty Community,COMMUNITY DEV TRANSP LENDING SERVICES,FY14 RMAP,Grant Funds,Washington,Not Applicable,DISCRETION ASSIST MICROPENTERPRENUERS,"Professional, Scientific, and Technical Services",11001,541614,"PROCESS, PHYSICAL DISTRIBUTION, AND LOGISTICS CONSULTING SERVICES",Commercial,"This Rural Development investment will be used to provide technical assistance in the form of teaching good business practices, business plan development, marketing, and vehicle maintenance in order to make entrepreneurs be better prepared to take on the responsibilities of receiving micro-loans that CDTLS will make. This is an annual grant award.",32173,1
2020,District of Columbia,District of Columbia,Multiple/Unknown Districts,Business Programs,Socially-Disadvantaged Group Grant (SDGG),20006,Persistent Poverty Community,COOPERATIVE DEVELOPMENT FOUNDATION,FY20 SDGG TECHNICAL ASSISTANCE,Grant Funds,Washington,Not Applicable,PERSISTENT POVERTY GRANTS TO ASSIST MINORITY PRODUCERS,Public Administration,11001,926110,ADMINISTRATION OF GENERAL ECONOMIC PROGRAMS,Commercial,"This Rural Development investment will assist the rural home health care sector by providing tailored individual technical assistance for incorporated cooperatives and those wishing to form cooperative structures. Assistance is provided to those groups located in Wisconsin, Washington State, Michigan, and Puerto Rico. This is their fifteenth grant with USDA.",174616,1
2020,District of Columbia,District of Columbia,Multiple/Unknown Districts,Community Facilities,Community Development Grant (CF),20002,Not Persistent Poverty Community,"REBUILDING TOGETHER, INC.",RCDI 2020,Grant Funds,Washington,Not Applicable,RCDI RURAL COMMUNITY DEVELOPMENT INITIATIVE GRANT,Other or Not Defined,11001,8,RCDI - TECHNICAL ASSISTANCE HOUSING,Commercial,Detailed Project Description Not Available,120118,1
2020,District of Columbia,District of Columbia,Multiple/Unknown Districts,Community Facilities,Community Development Grant (CF),20005,Not Persistent Poverty Community,HOUSING ASSISTANCE COUNCIL,RCDI 2020,Grant Funds,Washington,Not Applicable,RCDI RURAL COMMUNITY DEVELOPMENT INITIATIVE GRANT,Other or Not Defined,11001,9,RCDI - TECHNICAL ASSISTANCE CF,Commercial,Detailed Project Description Not Available,250000,1
2020,District of Columbia,District of Columbia,Multiple/Unknown Districts,Community Facilities,Technical Assistance and Training Grant (CF),20005,Not Persistent Poverty Community,HOUSING ASSISTANCE COUNCIL,2020 CF TAT,Grant Funds,Washington,Not Applicable,CF TAT GRANT (SECTION 6006),Other or Not Defined,11001,7,Not Available,Commercial,"This Rural Development investment will be used to provide assistance that will utilize the capital deployment model. This model incorporates the provision of direct technical assistance to nonprofits, particularly on identifying, utilizing, and applying for financial resources and identifying and engaging community stakeholders and partners to help bring essential community facilities projects to fruition.",150000,1
2020,District of Columbia,District of Columbia,Multiple/Unknown Districts,Community Facilities,Technical Assistance and Training Grant (CF),20005,Not Persistent Poverty Community,HOUSING ASSISTANCE COUNCIL,2020 CF TAT DISASTER,Grant Funds,Washington,Not Applicable,CF TAT 2019 DISASTER GRANTS (SECTION 6006),Other or Not Defined,11001,7,Not Available,Commercial,"Rural Development funds will be used to address the capacity needs of eight (8) nonprofit and tribal organizations serving high need, underserved and persistent poverty regions, counties and neighborhoods across rural America",209111,1
2020,District of Columbia,District of Columbia,Multiple/Unknown Districts,Community Facilities,Technical Assistance and Training Grant (CF),20061,Not Persistent Poverty Community,RURAL COMMUNITY ASSISTANCE PARTNERSHIP,2020 CF TAT DISASTER,Grant Funds,Washington,Not Applicable,CF TAT 2019 DISASTER GRANTS (SECTION 6006),Other or Not Defined,11001,4,APPALACHIAN REG. COMMISSION GRANT (ARC) - CF,Commercial,"The Rural Development investment will be used to provide technical assistance, training, resources and support to rural communities that are in a FEMA designated disaster zone in the states of Missouri, California, Northern Mariana Islands, Florida, North Carolina, and Maryland.",249285,1
2020,District of Columbia,District of Columbia,Multiple/Unknown Districts,Water and Environmental,Solid Waste Management Grant (WEP),20006,Not Persistent Poverty Community,Rural Community Assistance Partnership,SWM FY 20,Grant Funds,Washington,Not Applicable,(WWA PROGRAM AREA) SOLID WASTE GRANT,Utilities,11001,NA,Not Available,Commercial,This USDA Rural Development investment will be used to conduct a national program to provide technical assistance and training to reduce pollution of water resources and improve planning and management of solid waste sites in rural communities.,979000,1
2020,District of Columbia,District of Columbia,Multiple/Unknown Districts,Water and Environmental,Technical Assistance and Training Grant (WEP),20006,Not Persistent Poverty Community,Rural Community Assistance Partnership,TAT FY 20 Technitrain,Grant Funds,Washington,Not Applicable,(WWA PROGRAM AREA) TAT GRANT,Utilities,11001,NA,Not Available,Commercial,"This Rural Development investment will provide training and on-site technical assistance to 660 systems. Additionally, RCAP will provide GIS services to an additional 48 systems and assist with asset inventory and the completion of vulnerability assessments and emergency response plans. RCAP will present 102 training sessions, to at least 700 system personnel, focusing on topics including sustainable utility management, board leadership, rate setting, asset management, and emerging contaminants.",8000000,1
2020,District of Columbia,District of Columbia,Multiple/Unknown Districts,Water and Environmental,Technical Assistance and Training Grant (WEP),20006,Not Persistent Poverty Community,Rural Community Assistance Partnership,TAT FY 20 Tribal,Grant Funds,Washington,Not Applicable,(WWA PROGRAM AREA) TAT GRANT,Utilities,11001,NA,Not Available,Commercial,"This Rural Development investment will initiate a Tribal Technitrain project, providing on-site technical assistance and training to at least 8 systems serving large numbers of tribal members. Additionally, RCAP will convene 20 trainings for tribal systems through at least 4 quarterly meetings of seven Native American Water Masters Associations (NAWMA).",385000,1
2019,District of Columbia,District of Columbia,Multiple/Unknown Districts,Business Programs,Intermediary Relending Program (IRP),20001,Not Persistent Poverty Community,LATINO ECONOMIC DEVELOPMENT CORPORATION,FY19 IRP,Loan Funds - Direct,Washington Dc,Not Applicable,INTERMEDIARY RELENDING PROGRAM,Finance and Insurance,11001,522294,SECONDARY MARKET FINANCING,Commercial,"This Rural Development investment will be used to capitalize an existing revolving loan fund that serves rural Maryland. Latino Economic Development Corporation, a certified Community Development Financial Institution, anticipates deploying loan funds to 12 businesses with an average loan size of $20,000. The business owners will be able to use the funds for working capital and/or business expansion.",240000,1
2019,District of Columbia,District of Columbia,Multiple/Unknown Districts,Business Programs,Rural Business Development Grant (RBDG),20001,Not Persistent Poverty Community,NADO RESEACH FOUNDATION,FY18 RBDG RT,Grant Funds,Washington,Not Applicable,RBCS RBEG TRANSPORTATION - REGULAR GRANT,Public Administration,11001,926110,ADMINISTRATION OF GENERAL ECONOMIC PROGRAMS,Commercial,"This Rural Development investment will be used to provide technical assistance and training to rural communities for the purpose of improving passenger transportation services and facilities. National Association of Development Organizations (NADO) Research Foundation, a national non-profit organization, will provide assistance and training to rural regions in Maine, Texas, Arkansas, Oklahoma and Georgia. This investment is expected to deliver improved access to transportation services for the identified rural regions, which will allow improved access to healthcare, education and jobs.",426817,1
2019,District of Columbia,District of Columbia,Multiple/Unknown Districts,Business Programs,Rural Business Development Grant (RBDG),20001,Not Persistent Poverty Community,NADO RESEACH FOUNDATION,FY19 RBDG RT,Grant Funds,Washington,Not Applicable,RBCS RBEG TRANSPORTATION - REGULAR GRANT,Public Administration,11001,926110,ADMINISTRATION OF GENERAL ECONOMIC PROGRAMS,Commercial,"This Rural Development investment will be used to provide technical assistance and training in rural communities for the purpose of improving passenger transportation services and facilities. National Association of Development Organizations (NADO) Research Foundation, a national non-profit organization, will provide assistance and training to rural regions in Kentucky and New Mexico. The project is expected to deliver improved access to transportation services for the identified rural regions, which will allow improved access to healthcare, education and jobs.",433371,1
2019,District of Columbia,District of Columbia,Multiple/Unknown Districts,Business Programs,Rural Business Development Grant (RBDG),20001,Not Persistent Poverty Community,NADO RESEACH FOUNDATION,FY19 RBDG RT FRNAT,Grant Funds,Washington,Not Applicable,RBCS TRANSPORTATION - NATIVE AMERICAN GRANT,Public Administration,11001,926110,ADMINISTRATION OF GENERAL ECONOMIC PROGRAMS,Commercial,"This Rural Development investment will be used to provide technical assistance and training to Federally-recognized Native American Tribes for the purpose of improving passenger transportation services and facilities. National Association of Development Organizations (NADO) Research Foundation, a national non-profit organization, will provide assistance and training to tribes in Arizona and Montana. The project is expected to deliver improved access to transportation services for the identified tribal regions, which will allow improved access to healthcare, education and jobs.",186052,1
2019,District of Columbia,District of Columbia,Multiple/Unknown Districts,Business Programs,Rural Business Development Grant (RBDG),20005,Not Persistent Poverty Community,COMMUNITY TRANSPORTATION ASSOCIATION,FY18 RBDG RT NA,Grant Funds,Washington,Not Applicable,RBCS TRANSPORTATION - NATIVE AMERICAN GRANT,Public Administration,11001,926120,REGULATION AND ADMINISTRATION OF TRANSPORTATION PROGRAMS,Commercial,"This Rural Development investment will be used to provide technical assistance and training to Federally-recognized Native American Tribes for the purpose of improving passenger transportation services and facilities. Community Transportation Association of America, a national non-profit organization, will provide assistance and training to the Penobscot Nation in Maine, the Seneca Nation in New York, and the Hopi Tribe in Arizona. The projeccct is expected to deliver improved access to transportation services for the identified tribes, which will allow improved access to healthcare, education, and jobs. .",243361,1
2019,District of Columbia,District of Columbia,Multiple/Unknown Districts,Business Programs,Rural Cooperative Development Grant (RCDG),20006,Not Persistent Poverty Community,COOPERATIVE DEVELOPMENT FOUNDATION,FY19 RCDGG RURAL HOME CARE,Grant Funds,Washington,Not Applicable,RURAL COOPERATIVE DEVELOPMENT GRANTS,Other Services,11001,813211,GRANTMAKING FOUNDATIONS,Commercial,Rural Development funds will be used to provide technical assistance to develop and execute a national strategy for rural home care cooperative development.,200000,1
2019,District of Columbia,District of Columbia,Multiple/Unknown Districts,Business Programs,Rural Microentrepreneur Assistance Program (RMAP),20005,Not Persistent Poverty Community,COMMUNITY DEV TRANSP LENDING SERVICES,FY17 RMAP,Grant Funds,Washington,Not Applicable,DISCRETION ASSIST MICROPENTERPRENUERS,Public Administration,11001,925120,ADMINISTRATION OF URBAN PLANNING AND COMMUNITY AND RURAL DEVELOPMENT,Commercial,"This Rural Development investment will be used to provide business based training and technical assistance to rural microenterprises and microentrepreneurs in rural areas nationwide. Technical assistance efforts are intended to promote small business growth and development in rural communities, leading to job creation and jobs saved.",47400,1
2019,District of Columbia,District of Columbia,Multiple/Unknown Districts,Business Programs,Socially-Disadvantaged Group Grant (SDGG),20006,Not Persistent Poverty Community,COOPERATIVE DEVELOPMENT FOUNDATION,FY19 SDGG RURAL COOP. HOMECARE,Grant Funds,Washington,Not Applicable,SMALL SOCIALLY DISADVANTAGED PRODUCER GRANT,Other Services,11001,813211,GRANTMAKING FOUNDATIONS,Commercial,"This Rural Development investment will assist the rural home health care sector by providing tailored individual technical assistance for incorporated cooperatives and those wishing to form cooperative structures. Assistance is provided to those groups located in Wisconsin, Washington State, Michigan, and Puerto Rico. This is their fifteenth grant with USDA.",175000,1
2019,District of Columbia,District of Columbia,Multiple/Unknown Districts,Community Facilities,Community Development Grant (CF),20250,Not Persistent Poverty Community,HOUSING ASSISTANCE COUNCIL,FY2019 RCDI,Grant Funds,Washington,Not Applicable,RCDI RURAL COMMUNITY DEVELOPMENT INITIATIVE GRANT,Other or Not Defined,11001,4,APPALACHIAN REG. COMMISSION GRANT (ARC) - CF,Commercial,Detailed Project Description Not Available,250000,1
2019,District of Columbia,District of Columbia,Multiple/Unknown Districts,Community Facilities,Technical Assistance and Training Grant (CF),20005,Not Persistent Poverty Community,NATIONAL ALLIANCE FOR PUBLIC CHARTER SCHOOLS,FY2019 CF TAT GRANT,Grant Funds,Washington,Not Applicable,CF TAT GRANT (SECTION 6006),Other or Not Defined,11001,4,APPALACHIAN REG. COMMISSION GRANT (ARC) - CF,Commercial,Detailed Project Description Not Available,150000,1
2019,District of Columbia,District of Columbia,Multiple/Unknown Districts,Water and Environmental,Solid Waste Management Grant (WEP),20006,Not Persistent Poverty Community,Rural Community Assistance Partnership,SWM FY19,Grant Funds,Washington,Not Applicable,(WWA PROGRAM AREA) SOLID WASTE GRANT,Utilities,11001,NA,Not Available,Commercial,This Rural Development investment will be used to conduct a national program to provide technical assistance and training to reduce pollution of water resources and improve planning and management of solid waste sites in rural communities.,898400,1
2019,District of Columbia,District of Columbia,Multiple/Unknown Districts,Water and Environmental,Technical Assistance and Training Grant (WEP),20006,Not Persistent Poverty Community,Rural Community Assistance Partnership,FY 19 Colonias TAT,Grant Funds,Washington,Not Applicable,(WWA PROGRAM AREA) TAT GRANT,Utilities,11001,NA,Not Available,Commercial,"This Rural Development investment will provide the Rural Community Assistance Partnership with a Technical Assistance and Training grant to provide rural communities with technical assistance and training to identify and evaluate solutions to water and waste problems. The funds help applicants apply for water and waste disposal loans/grants, and improve the operation and maintenance of water and waste facilities in eligible rural areas.",776000,1
2019,District of Columbia,District of Columbia,Multiple/Unknown Districts,Water and Environmental,Technical Assistance and Training Grant (WEP),20006,Not Persistent Poverty Community,Rural Community Assistance Partnership,FY 19 Technitrain TAT,Grant Funds,Washington,Not Applicable,(WWA PROGRAM AREA) TAT GRANT,Utilities,11001,NA,Not Available,Commercial,"This Rural Development investment will provide the Rural Community Assistance Partnership with a Technical Assistance and Training grant to provide rural communities with technical assistance and training to identify and evaluate solutions to water and waste problems. The funds help applicants apply for water and waste disposal loans/grants, and improve the operation and maintenance of water and waste facilities in eligible rural areas.",8750000,1
2019,District of Columbia,District of Columbia,Multiple/Unknown Districts,Water and Environmental,Technical Assistance and Training Grant (WEP),20006,Not Persistent Poverty Community,Rural Community Assistance Partnership,FY 19 Tribal TAT,Grant Funds,Washington,Not Applicable,(WWA PROGRAM AREA) TAT GRANT,Utilities,11001,NA,Not Available,Commercial,"This Rural Development investment will provide the Rural Community Assistance Partnership with a Technical Assistance and Training grant to provide rural communities with technical assistance and training to identify and evaluate solutions to water and waste problems. The funds help applicants apply for water and waste disposal loans/grants, and improve the operation and maintenance of water and waste facilities in eligible rural areas.",485000,1
