SUMLEV,REGION,DIVISION,STATE,COUNTY,STNAME,CTYNAME,ESTIMATESBASE2020,POPESTIMATE2020,POPESTIMATE2021,POPESTIMATE2022,POPESTIMATE2023,POPESTIMATE2024,POPESTIMATE2025,NPOPCHG2020,NPOPCHG2021,NPOPCHG2022,NPOPCHG2023,NPOPCHG2024,NPOPCHG2025,BIRTHS2020,BIRTHS2021,BIRTHS2022,BIRTHS2023,BIRTHS2024,BIRTHS2025,DEATHS2020,DEATHS2021,DEATHS2022,DEATHS2023,DEATHS2024,DEATHS2025,NATURALCHG2020,NATURALCHG2021,NATURALCHG2022,NATURALCHG2023,NATURALCHG2024,NATURALCHG2025,INTERNATIONALMIG2020,INTERNATIONALMIG2021,INTERNATIONALMIG2022,INTERNATIONALMIG2023,INTERNATIONALMIG2024,INTERNATIONALMIG2025,DOMESTICMIG2020,DOMESTICMIG2021,DOMESTICMIG2022,DOMESTICMIG2023,DOMESTICMIG2024,DOMESTICMIG2025,NETMIG2020,NETMIG2021,NETMIG2022,NETMIG2023,NETMIG2024,NETMIG2025,RESIDUAL2020,RESIDUAL2021,RESIDUAL2022,RESIDUAL2023,RESIDUAL2024,RESIDUAL2025,GQESTIMATESBASE2020,GQESTIMATES2020,GQESTIMATES2021,GQESTIMATES2022,GQESTIMATES2023,GQESTIMATES2024,GQESTIMATES2025,RBIRTH2021,RBIRTH2022,RBIRTH2023,RBIRTH2024,RBIRTH2025,RDEATH2021,RDEATH2022,RDEATH2023,RDEATH2024,RDEATH2025,RNATURALCHG2021,RNATURALCHG2022,RNATURALCHG2023,RNATURALCHG2024,RNATURALCHG2025,RINTERNATIONALMIG2021,RINTERNATIONALMIG2022,RINTERNATIONALMIG2023,RINTERNATIONALMIG2024,RINTERNATIONALMIG2025,RDOMESTICMIG2021,RDOMESTICMIG2022,RDOMESTICMIG2023,RDOMESTICMIG2024,RDOMESTICMIG2025,RNETMIG2021,RNETMIG2022,RNETMIG2023,RNETMIG2024,RNETMIG2025
050,4,8,49,001,Utah,Beaver County,7075,7089,7213,7334,7271,7362,7301,14,124,121,-63,91,-61,23,92,113,107,102,103,10,72,85,68,71,72,13,20,28,39,31,31,0,6,10,12,26,19,-1,98,84,-117,34,-111,-1,104,94,-105,60,-92,2,0,-1,3,0,0,383,383,353,376,385,372,379,12.86533352,15.53584932,14.65251626,13.94109205,14.04896679,10.06852189,11.68625834,9.311879493,9.704093487,9.820636977,2.796811635,3.849590981,5.340636768,4.236998565,4.22832981,0.83904349,1.374853922,1.643272852,3.5536117,2.59155698,13.70437701,11.54877294,-16.0219103,4.647030684,-15.14014867,14.5434205,12.92362687,-14.37863745,8.200642384,-12.54859169
050,4,8,49,003,Utah,Box Elder County,57668,57944,59686,61548,62817,63985,65320,276,1742,1862,1269,1168,1335,222,776,867,795,830,849,129,487,530,447,460,468,93,289,337,348,370,381,0,4,58,171,167,69,175,1489,1422,748,632,893,175,1493,1480,919,799,962,8,-40,45,2,-1,-8,340,340,289,311,317,318,321,13.19391312,14.30291832,12.78494753,13.09127616,13.13174278,8.280200629,8.743421812,7.18851767,7.255406066,7.2386992,4.913712488,5.559496511,5.596429864,5.835870097,5.893043579,0.068009861,0.956827293,2.749969847,2.634027855,1.067244113,25.31667092,23.45876569,12.02910787,9.96829703,13.81230424,25.38468078,24.41559299,14.77907772,12.60232488,14.87954836
050,4,8,49,005,Utah,Cache County,133158,133636,137495,140419,143021,144667,145000,478,3859,2924,2602,1646,333,545,2070,2098,2075,2036,2141,129,678,782,748,769,777,416,1392,1316,1327,1267,1364,-1,73,443,841,504,127,18,2412,1177,454,-119,-1164,17,2485,1620,1295,385,-1037,45,-18,-12,-20,-6,6,4153,4146,3951,4191,4563,5022,4040,15.26937163,15.09819585,14.64154671,14.15422263,14.78249162,5.001272448,5.627640205,5.278012983,5.346069353,5.364780938,10.26809919,9.47055564,9.363533729,8.808153277,9.417710682,0.538485087,3.188036587,5.934236523,3.503795779,0.876868956,17.79213738,8.470246191,3.203499859,-0.827285114,-8.036814687,18.33062247,11.65828278,9.137736382,2.676510664,-7.159945731
050,4,8,49,007,Utah,Carbon County,20413,20485,20361,20517,20622,20600,20680,72,-124,156,105,-22,80,62,227,225,218,220,224,55,275,310,263,281,284,7,-48,-85,-45,-61,-60,0,1,3,4,-1,-4,64,-94,237,148,43,142,64,-93,240,152,42,138,1,17,1,-2,-3,2,301,301,299,266,259,273,334,11.11491945,11.00836636,10.59821581,10.67391199,10.85271318,13.46521079,15.16708254,12.7859209,13.63349668,13.75968992,-2.350291338,-4.15871618,-2.187705097,-2.959584688,-2.906976744,0.048964403,0.146778218,0.194462675,-0.048517782,-0.19379845,-4.602653871,11.59547923,7.195118987,2.086264616,6.879844961,-4.553689468,11.74225745,7.389581662,2.037746834,6.686046512
050,4,8,49,009,Utah,Daggett County,936,951,983,1014,985,952,934,15,32,31,-29,-33,-18,1,17,7,5,5,5,1,6,9,7,13,13,0,11,-2,-2,-8,-8,0,0,0,0,0,0,18,22,31,-28,-26,-10,18,22,31,-28,-26,-10,-3,-1,2,1,1,0,0,0,0,0,0,0,0,17.58014478,7.010515774,5.002501251,5.162622612,5.302226935,6.20475698,9.01352028,7.003501751,13.422818790000001,13.78579003,11.3753878,-2.003004507,-2.0010005,-8.26019618,-8.483563097,0,0,0,0,0,22.7507756,31.04656986,-28.014007,-26.845637580000002,-10.60445387,22.7507756,31.04656986,-28.014007,-26.845637580000002,-10.60445387
050,4,8,49,011,Utah,Davis County,362676,363766,367590,370527,374645,378462,381227,1090,3824,2937,4118,3817,2765,1293,4790,4854,4620,4760,4919,514,2229,2343,2135,2206,2250,779,2561,2511,2485,2554,2669,7,103,794,1554,1375,341,160,801,-126,149,-93,-296,167,904,668,1703,1282,45,144,359,-242,-70,-19,51,2320,2319,1999,2155,2173,2287,2169,13.09895591,13.15238641,12.39982179,12.64096603,12.95003613,6.095526666,6.348587013,5.730220674,5.85839728,5.923476581,7.003429247,6.803799398,6.669601112,6.782568745,7.026559553,0.281668572,2.151420439,4.170849146,3.651539556,0.897735784,2.190451709,-0.341409289,0.399907672,-0.246976857,-0.779266252,2.472120281,1.81001115,4.570756819,3.404562698,0.118469532
050,4,8,49,013,Utah,Duchesne County,19604,19617,19798,20156,20484,20676,20856,13,181,358,328,192,180,89,246,287,278,267,285,33,167,185,188,221,228,56,79,102,90,46,57,0,0,2,14,32,13,-42,86,249,224,115,109,-42,86,251,238,147,122,-1,16,5,0,-1,1,182,182,182,186,188,179,193,12.4825574,14.3665215,13.68110236,12.97376093,13.72435712,8.473931245,9.260649747,9.251968504,10.73858115,10.9794857,4.008626158,5.105871753,4.429133858,2.235179786,2.744871424,0,0.100115132,0.688976378,1.554907677,0.626023307,4.36382088,12.46433398,11.02362205,5.587949466,5.248964654,4.36382088,12.56444912,11.71259843,7.142857143,5.874987961
050,4,8,49,015,Utah,Emery County,9824,9844,9962,10093,10134,10142,10177,20,118,131,41,8,35,25,107,126,129,114,119,24,116,135,124,118,120,1,-9,-9,5,-4,-1,0,4,11,0,0,-2,18,120,128,40,11,37,18,124,139,40,11,35,1,3,1,-4,1,1,60,60,60,60,60,60,60,10.80480662,12.56544503,12.75522816,11.24482146,11.71317486,11.71362214,13.46297681,12.26083947,11.6393766,11.8116049,-0.90881551,-0.897531788,0.494388688,-0.394555139,-0.098430041,0.403918005,1.096983296,0,0,-0.196860082,12.11754014,12.76489654,3.955109507,1.085026633,3.641911511,12.52145814,13.86187983,3.955109507,1.085026633,3.44505143
050,4,8,49,017,Utah,Garfield County,5087,5105,5125,5268,5329,5321,5256,18,20,143,61,-8,-65,21,58,56,54,58,60,11,77,48,55,65,66,10,-19,8,-1,-7,-6,0,0,0,3,19,11,6,40,132,59,-20,-69,6,40,132,62,-1,-58,2,-1,3,0,0,-1,270,270,270,267,267,268,267,11.33919844,10.77648417,10.19156365,10.89201878,11.34537203,15.05376344,9.236986433,10.38029631,12.20657277,12.47990924,-3.714565005,1.539497739,-0.18873266,-1.314553991,-1.134537203,0,0,0.566197981,3.568075117,2.079984873,7.820136852,25.40171269,11.13522695,-3.755868545,-13.04717784,7.820136852,25.40171269,11.70142493,-0.187793427,-10.96719297
050,4,8,49,019,Utah,Grand County,9671,9683,9686,9807,9779,9700,9790,12,3,121,-28,-79,90,24,102,99,95,92,100,18,76,84,85,77,77,6,26,15,10,15,23,0,5,30,69,54,21,6,-33,70,-110,-149,44,6,-28,100,-41,-95,65,0,5,6,3,1,2,159,159,159,160,160,163,164,10.53229387,10.15749243,9.700806699,9.446070127,10.26167265,7.847591512,8.618478428,8.679669151,7.905949997,7.901487943,2.684702359,1.539014005,1.021137547,1.540120129,2.36018471,0.516288915,3.07802801,7.045849076,5.544432466,2.154951257,-3.407506841,7.182065357,-11.23251302,-15.29852662,4.515135967,-2.891217926,10.26009337,-4.186663944,-9.754094153,6.670087224
050,4,8,49,021,Utah,Iron County,57272,57703,60514,62544,64306,65559,67141,431,2811,2030,1762,1253,1582,226,750,808,850,846,865,86,404,476,414,439,452,140,346,332,436,407,413,0,15,177,221,233,107,307,2585,1459,1088,598,1066,307,2600,1636,1309,831,1173,-16,-135,62,17,15,-4,1631,1630,1582,1605,1647,1626,1568,12.68853041,13.13201905,13.4016555,13.02891464,13.0369254,6.834888383,7.736189439,6.527394561,6.760867054,6.812358704,5.853642031,5.395829609,6.874260938,6.268047588,6.224566692,0.253770608,2.876692291,3.48443043,3.58834174,1.612660136,43.73313483,23.71239578,17.15411904,9.209563778,16.066315,43.98690544,26.58908807,20.63854947,12.79790552,17.67897513
050,4,8,49,023,Utah,Juab County,11780,11821,12210,12573,13028,13324,13567,41,389,363,455,296,243,45,213,201,200,208,212,13,87,100,78,82,84,32,126,101,122,126,128,0,1,3,17,22,0,7,266,258,315,147,117,7,267,261,332,169,117,2,-4,1,1,1,-2,103,103,103,103,103,108,103,17.72710249,16.22079651,15.62438967,15.78627808,15.76735711,7.240647497,8.070048017,6.093511972,6.223436551,6.247443383,10.486455,8.150748497,9.5308777,9.56284153,9.519913726,0.083225833,0.242101441,1.328073122,1.669702489,0,22.13807166,20.82072388,24.60841373,11.15664845,8.70179614,22.22129749,21.06282532,25.93648686,12.82635094,8.70179614
050,4,8,49,025,Utah,Kane County,7671,7697,7992,8205,8433,8491,8597,26,295,213,228,58,106,26,84,94,85,82,86,13,89,100,87,99,100,13,-5,-6,-2,-17,-14,0,0,4,5,7,0,14,316,200,220,67,121,14,316,204,225,74,121,-1,-16,15,5,1,-1,221,221,217,221,221,221,221,10.70813946,11.60708773,10.21757423,9.690380525,10.06554307,11.34552871,12.34796567,10.45798774,11.69936185,11.70411985,-0.637389254,-0.74087794,-0.240413511,-2.008981328,-1.638576779,0,0.493918627,0.601033778,0.827227606,0,40.28300083,24.69593135,26.44548624,7.917749941,14.16198502,40.28300083,25.18984997,27.04652001,8.744977547,14.16198502
050,4,8,49,027,Utah,Millard County,12979,13053,13200,13393,13661,13913,14057,74,147,193,268,252,144,53,189,168,178,182,183,22,135,152,111,111,114,31,54,16,67,71,69,0,2,72,161,119,8,42,80,111,44,64,68,42,82,183,205,183,76,1,11,-6,-4,-2,-1,138,138,125,121,128,135,135,14.39835447,12.63490392,13.15886745,13.20084137,13.0854487,10.28453891,11.43157974,8.205810601,8.051062595,8.15159099,4.113815564,1.203324183,4.953056849,5.149778777,4.933857705,0.152363539,5.414958824,11.90212168,8.631319359,0.572041473,6.094541576,8.34806152,3.252753752,4.642054109,4.862352521,6.246905116,13.76302034,15.15487543,13.27337347,5.434393994
050,4,8,49,029,Utah,Morgan County,12296,12385,12666,12857,12986,13110,13383,89,281,191,129,124,273,32,139,155,123,151,153,17,77,66,84,67,68,15,62,89,39,84,85,0,0,6,5,1,-3,72,216,106,89,40,194,72,216,112,94,41,191,2,3,-10,-4,-1,-3,28,28,28,28,28,28,28,11.09736138,12.14590761,9.51901869,11.57265481,11.55022081,6.147459183,5.171805822,6.500793252,5.134886573,5.133431473,4.9499022,6.974101791,3.018225438,6.43776824,6.416789341,0,0.470164166,0.386951979,0.076640098,-0.226474918,17.24482057,8.306233593,6.887745231,3.065603924,14.64537802,17.24482057,8.776397759,7.27469721,3.142244022,14.41890311
050,4,8,49,031,Utah,Piute County,1444,1440,1495,1498,1553,1547,1509,-4,55,3,55,-6,-38,3,19,19,12,16,16,5,17,25,23,18,18,-2,2,-6,-11,-2,-2,0,0,0,0,0,0,-1,56,8,66,-5,-35,-1,56,8,66,-5,-35,-1,-3,1,0,1,-1,0,0,0,0,0,0,0,12.9471891,12.69629135,7.866273353,10.32258065,10.47120419,11.58432709,16.70564651,15.07702393,11.61290323,11.78010471,1.36286201,-4.009355162,-7.210750574,-1.290322581,-1.308900524,0,0,0,0,0,38.16013629,5.345806883,43.26450344,-3.225806452,-22.90575916,38.16013629,5.345806883,43.26450344,-3.225806452,-22.90575916
050,4,8,49,033,Utah,Rich County,2511,2503,2598,2633,2668,2740,2687,-8,95,35,35,72,-53,6,35,20,41,31,33,6,15,18,16,21,21,0,20,2,25,10,12,0,0,-1,0,0,0,-8,80,33,8,64,-64,-8,80,32,8,64,-64,0,-5,1,2,-2,-1,54,54,54,54,54,54,54,13.72279945,7.646721468,15.46877948,11.46449704,12.16141515,5.881199765,6.882049321,6.036596869,7.766272189,7.739082366,7.841599686,0.764672147,9.432182607,3.698224852,4.422332781,0,-0.382336073,0,0,0,31.36639875,12.61709042,3.018298434,23.66863905,-23.58577483,31.36639875,12.23475435,3.018298434,23.66863905,-23.58577483
050,4,8,49,035,Utah,Salt Lake County,1185235,1187009,1186648,1194746,1205509,1217454,1220916,1774,-361,8098,10763,11945,3462,3848,14942,15007,14486,14441,14912,1823,7978,8220,7647,7673,7858,2025,6964,6787,6839,6768,7054,99,1230,11109,18377,15386,4424,-867,-9228,-9144,-14444,-10145,-8024,-768,-7998,1965,3933,5241,-3600,517,673,-654,-9,-64,8,18051,18041,15722,16858,17948,18453,18478,12.58985607,12.6035423,12.07038419,11.92011599,12.23112161,6.72211697,6.903519535,6.371822994,6.33356762,6.445289271,5.867739105,5.70002276,5.698561195,5.586548371,5.785832339,1.036375517,9.329829503,15.31253971,12.70015266,3.628653568,-7.775344121,-7.6795356,-12.03538791,-8.374044507,-6.581445802,-6.738968604,1.650293904,3.277151803,4.326108158,-2.952792234
050,4,8,49,037,Utah,San Juan County,14512,14521,14489,14383,14324,14499,14542,9,-32,-106,-59,175,43,47,185,176,160,174,190,48,176,172,148,134,135,-1,9,4,12,40,55,0,0,17,32,16,8,6,-50,-130,-102,121,-20,6,-50,-113,-70,137,-12,4,9,3,-1,-2,0,432,433,394,396,385,400,414,12.75422268,12.19174287,11.14710698,12.07369115,13.08494887,12.13374698,11.9146578,10.31107395,9.298129966,9.29720051,0.620475698,0.277085065,0.836033023,2.775561184,3.787748356,0,1.177611527,2.2294213960000002,1.110224474,0.550945215,-3.447087211,-9.005264616,-7.106280698,8.396072581,-1.377363038,-3.447087211,-7.827653089,-4.876859303,9.506297054,-0.826417823
050,4,8,49,039,Utah,Sanpete County,28437,28528,29104,29771,30565,30881,31453,91,576,667,794,316,572,87,363,392,393,426,436,58,264,289,253,262,269,29,99,103,140,164,167,0,8,101,213,215,93,57,473,458,441,-67,313,57,481,559,654,148,406,5,-4,5,0,4,-1,2795,2796,2761,2828,2941,2834,2943,12.59716824,13.3163482,13.02704853,13.86583342,13.9891552,9.161576902,9.817409767,8.386369663,8.527813039,8.630923733,3.435591338,3.498938429,4.640678865,5.338020376,5.358231463,0.277623543,3.430997877,7.060461416,6.998014517,2.983925306,16.41449195,15.55838641,14.61813843,-2.180776617,10.04267334,16.69211549,18.98938429,21.67859984,4.8172379,13.02659865
050,4,8,49,041,Utah,Sevier County,21507,21554,21898,22078,22378,22592,22827,47,344,180,300,214,235,72,284,288,279,289,293,48,245,225,203,216,221,24,39,63,76,73,72,0,0,11,-4,-1,-6,17,304,120,229,144,170,17,304,131,225,143,164,6,1,-14,-1,-2,-1,401,401,372,372,361,400,422,13.07189543,13.09805348,12.55173655,12.85301312,12.90208943,11.27681119,10.23285428,9.132625517,9.60640427,9.731610119,1.795084231,2.8651992,3.419111031,3.24660885,3.170479315,0,0.500272876,-0.179953212,-0.044474094,-0.26420661,13.99245144,5.457522285,10.3023214,6.404269513,7.485853938,13.99245144,5.957795161,10.12236818,6.359795419,7.221647328
050,4,8,49,043,Utah,Summit County,42356,42478,43184,43106,42981,43250,43141,122,706,-78,-125,269,-109,109,403,411,387,402,419,48,182,223,185,187,193,61,221,188,202,215,226,0,26,164,287,375,107,49,448,-432,-629,-329,-445,49,474,-268,-342,46,-338,12,11,2,15,8,3,132,132,110,124,134,141,141,9.409072868,9.52601692,8.99090455,9.323793068,9.7000845000000009,4.249258715,5.168617453,4.297977627,4.337187322,4.468058015,5.159814153,4.357399467,4.692926923,4.986605745,5.232026484,0.607036959,3.801135705,6.6676734,8.69756816,2.477109884,10.45971376,-10.01274771,-14.61312393,-7.630666466,-10.30199905,11.06675072,-6.211612006,-7.945450533,1.066901694,-7.824889167
050,4,8,49,045,Utah,Tooele County,72703,73349,76782,80029,82266,84828,87461,646,3433,3247,2237,2562,2633,269,1056,1055,1087,1124,1150,102,469,524,472,486,499,167,587,531,615,638,651,0,20,133,183,315,79,498,2950,2483,1428,1601,1925,498,2970,2616,1611,1916,2004,-19,-124,100,11,8,-22,512,512,513,512,512,513,513,14.0677142,13.4556887,13.3953603,13.45350521,13.34966249,6.247876854,6.683204622,5.816568594,5.817084994,5.792592679,7.819837342,6.772484073,7.578791707,7.636420219,7.557069807,0.266433981,1.69630957,2.255152654,3.770332867,0.917063771,39.2990122,31.66869671,17.59758465,19.16286641,22.34617416,39.56544618,33.36500628,19.8527373,22.93319928,23.26323793
050,4,8,49,047,Utah,Uintah County,35614,35676,36235,37151,37851,38154,38278,62,559,916,700,303,124,144,531,475,449,479,499,61,343,319,281,300,306,83,188,156,168,179,193,0,12,76,128,107,55,-31,350,657,403,20,-126,-31,362,733,531,127,-71,10,9,27,1,-3,2,120,120,114,115,115,109,111,14.7682552,12.94524841,11.97301405,12.60443392,13.05735818,9.539569746,8.693756302,7.493133516,7.894217486,8.007117438,5.228685458,4.25149211,4.479880537,4.710216433,5.050240737,0.33374588,2.071239746,3.413242314,2.815604237,1.439187775,9.734254843,17.90532254,10.7463801,0.526281166,-3.297048357,10.06800072,19.97656229,14.15962241,3.341885402,-1.857860582
050,4,8,49,049,Utah,Utah County,659392,663576,686039,705241,726088,745668,759859,4184,22463,19202,20847,19580,14191,3048,11873,12013,12118,12151,12348,715,3194,3435,3100,3116,3192,2333,8679,8578,9018,9035,9156,13,492,4098,6633,5555,1764,1744,13601,6536,5131,4924,3162,1757,14093,10634,11764,10479,4926,94,-309,-10,65,66,109,15955,15949,15454,15435,15746,16236,16420,17.59464736,17.26898971,16.93251517,16.51224795,16.40355836,4.733201691,4.937898913,4.331638638,4.23439755,4.240375629,12.86144567,12.33109079,12.60087653,12.27785041,12.16318273,0.729096817,5.890978092,9.268309382,7.548805644,2.343365479,20.15537765,9.395664424,7.169560597,6.691326551,4.200522475,20.88447446,15.28664252,16.43786998,14.2401322,6.543887954
050,4,8,49,051,Utah,Wasatch County,34785,35061,36242,36671,37269,37849,38514,276,1181,429,598,580,665,100,381,375,369,396,406,40,192,211,181,204,206,60,189,164,188,192,200,0,22,157,201,290,85,229,1010,130,214,101,382,229,1032,287,415,391,467,-13,-40,-22,-5,-3,-2,242,242,230,243,250,242,238,10.68678737,10.28623154,9.9810657290000009,10.5434117,10.63342195,5.385467652,5.787719611,4.895861509,5.431454512,5.395283056,5.30131972,4.498511925,5.08520422,5.111957187,5.238138889,0.617084835,4.30650227,5.436840682,7.721185335,2.226209028,28.3298038,3.565893599,5.788477144,2.689102479,10.00484528,28.94688863,7.872395869,11.22531783,10.41028781,12.23105431
050,4,8,49,053,Utah,Washington County,180284,182002,191519,197936,202953,208431,213670,1718,9517,6417,5017,5478,5239,531,2248,2308,2391,2367,2389,434,1810,2041,1711,1838,1878,97,438,267,680,529,511,0,16,384,433,789,56,1792,9671,5468,3845,4120,4714,1792,9687,5852,4278,4909,4770,-171,-608,298,59,40,-42,2780,2778,2652,3228,3157,3151,3640,12.0368065,11.85246049,11.92848893,11.50749665,11.3195657,9.691556834,10.48131363,8.536028676,8.935690255,8.898344235,2.345249665,1.371146859,3.392460257,2.57180639,2.421221461,0.085671221,1.971986494,2.160198958,3.835832215,0.265339338,51.78289842,28.08026601,19.18236719,20.02994769,22.33588644,51.86856964,30.05225251,21.34256615,23.8657799,22.60122577
050,4,8,49,055,Utah,Wayne County,2487,2505,2560,2630,2618,2609,2587,18,55,70,-12,-9,-22,12,41,30,35,40,39,6,41,35,28,36,36,6,0,-5,7,4,3,0,-1,-1,-1,0,0,14,60,71,-17,-14,-24,14,59,70,-18,-14,-24,-2,-4,5,-1,1,-1,0,0,0,0,0,0,0,16.18953603,11.56069364,13.33841463,15.30514636,15.01154734,16.18953603,13.48747592,10.67073171,13.77463172,13.85681293,0,-1.926782274,2.667682927,1.530514636,1.154734411,-0.394866732,-0.385356455,-0.381097561,0,0,23.69200395,27.36030829,-6.478658537,-5.356801224,-9.237875289,23.29713722,26.97495183,-6.859756098,-5.356801224,-9.237875289
050,4,8,49,057,Utah,Weber County,262224,262989,266600,269800,272735,276217,278174,765,3611,3200,2935,3482,1957,905,3466,3534,3421,3379,3514,498,2106,2220,2005,1959,1982,407,1360,1314,1416,1420,1532,1,17,453,897,1086,129,289,2120,1439,651,988,274,290,2137,1892,1548,2074,403,68,114,-6,-29,-12,22,3677,3677,2868,3295,3384,3384,3262,13.08939574,13.17673378,12.61116794,12.31073026,12.67697347,7.953337399,8.277404922,7.391228216,7.137236043,7.150188225,5.13605834,4.899328859,5.219939727,5.173494222,5.526785247,0.064200729,1.689038031,3.306699107,3.956630088,0.46537552,8.006208588,5.365398956,2.399845171,3.599586121,0.988472035,8.070409317,7.054436987,5.706544278,7.556216208,1.453847555
